country,1950,1951,1952,1953,1954,1955,1956,1957,1958,1959,1960,1961,1962,1963,1964,1965,1966,1967,1968,1969,1970,1971,1972,1973,1974,1975,1976,1977,1978,1979,1980,1981,1982,1983,1984,1985,1986,1987,1988,1989,1990,1991,1992,1993,1994,1995,1996,1997,1998,1999,2000,2001,2002,2003,2004,2005,2006,2007,2008,2009,2010,2011,2012,2013,2014,2015,2016,2017,2018,2019,2020,2021,2022,2023,2024,2025,2026,2027,2028,2029,2030,2031,2032,2033,2034,2035,2036,2037,2038,2039,2040,2041,2042,2043,2044,2045,2046,2047,2048,2049,2050
burundi,1.731,1.763,1.796,1.829,1.862,1.896,1.931,1.967,2.003,2.039,2.077,2.115,2.154,2.193,2.233,2.294,2.395,2.501,2.611,2.726,2.845,2.97,3.101,3.236,3.377,3.525,3.678,3.838,4.005,4.178,4.339,4.503,4.674,4.85,5.033,5.221,5.417,5.62,5.83,6.047,6.271,6.455,6.637,6.823,7.014,7.211,7.412,7.618,7.83,8.036,8.246,8.461,8.682,8.908,9.139,9.375,9.617,9.864,10.118,10.376,10.642,10.915,11.194,11.482,11.776,12.078,12.388,12.706,13.032,13.366,13.708,14.058,14.417,14.784,15.16,15.544,15.938,16.34,16.75,17.17,17.598,18.034,18.479,18.932,19.392,19.859,20.335,20.819,21.312,21.814,22.324,22.842,23.369,23.904,24.448,25,25.56,26.128,26.704,27.289,27.881
comoros,6.601,7.052,7.531,8.038,8.578,9.15,9.757,10.398,11.076,11.793,12.551,13.348,14.189,15.074,16.004,16.978,18,18.34,18.685,19.035,19.39,19.75,20.115,20.484,20.859,21.239,21.625,22.014,22.41,22.81,23.215,23.649,24.095,24.548,25.006,25.469,25.938,26.413,26.893,27.378,27.869,28.366,28.435,28.39,28.346,28.301,28.257,28.213,28.168,28.124,28.08,28.036,27.992,27.947,27.903,27.875,27.863,27.867,27.886,27.921,27.973,28.04,28.123,28.223,28.338,28.47,28.619,28.784,28.965,29.164,29.38,29.613,29.864,30.132,30.418,30.722,31.045,31.386,31.746,32.125,32.523,32.924,33.327,33.732,34.14,34.551,34.963,35.378,35.795,36.215,36.636,37.059,37.485,37.912,38.342,38.773,39.206,39.64,40.076,40.514,40.954
djibouti,39.81,40.836,41.871,42.911,43.958,45.011,46.07,47.129,48.193,49.258,50.325,51.448,52.619,53.787,54.952,56.109,57.26,58.404,59.54,60.664,61.777,62.878,63.968,65.04,66.099,67.142,68.17,69.178,70.169,71.141,72.096,73.028,73.942,74.504,74.715,74.925,75.134,75.341,75.548,75.753,75.957,76.114,76.161,76.207,76.254,76.3,76.347,76.393,76.439,76.485,76.532,76.578,76.624,76.67,76.716,76.761,76.807,76.853,76.899,76.944,76.999,77.064,77.138,77.222,77.314,77.417,77.528,77.648,77.777,77.915,78.062,78.217,78.38,78.552,78.732,78.92,79.115,79.318,79.528,79.745,79.969,80.2,80.437,80.68,80.929,81.184,81.436,81.685,81.932,82.176,82.417,82.656,82.893,83.127,83.358,83.587,83.813,84.036,84.258,84.476,84.692
eritrea,7.1,7.335,7.578,7.828,8.086,8.351,8.624,8.905,9.195,9.492,9.799,10.114,10.438,10.772,11.115,11.466,11.828,12.2,12.358,12.517,12.678,12.841,13.006,13.173,13.341,13.511,13.684,13.857,14.033,14.211,14.39,14.572,14.755,14.94,15.182,15.757,16.351,16.962,17.592,18.239,18.905,19.59,20.294,21.015,21.755,22.514,23.293,24.088,24.903,25.735,26.587,27.455,28.341,29.244,30.164,31.099,32.051,33.017,34,34.585,35.175,35.771,36.372,36.979,37.59,38.206,38.827,39.451,40.08,40.712,41.347,41.985,42.625,43.267,43.911,44.557,45.203,45.85,46.496,47.142,47.786,48.429,49.069,49.705,50.338,50.964,51.582,52.201,52.82,53.439,54.056,54.672,55.286,55.899,56.51,57.119,57.726,58.331,58.933,59.532,60.129
ethiopia,4.6,4.758,4.922,5.09,5.265,5.444,5.63,5.821,6.019,6.223,6.433,6.65,6.874,7.104,7.342,7.587,7.84,8.1,8.26,8.422,8.588,8.756,8.928,9.102,9.279,9.46,9.644,9.83,10.02,10.214,10.41,10.61,10.813,11.02,11.232,11.453,11.679,11.909,12.143,12.38,12.621,12.867,13.116,13.37,13.627,13.827,14.006,14.186,14.369,14.553,14.74,14.927,15.118,15.31,15.504,15.7,15.899,16.116,16.51,16.91,17.319,17.735,18.16,18.575,18.998,19.428,19.866,20.31,20.763,21.225,21.695,22.174,22.661,23.157,23.661,24.173,24.694,25.222,25.759,26.303,26.856,27.415,27.982,28.556,29.137,29.724,30.317,30.916,31.519,32.128,32.74,33.355,33.972,34.588,35.211,35.84,36.473,37.111,37.753,38.4,39.051
kenya,5.59,5.747,5.909,6.074,6.245,6.419,6.599,6.782,6.971,7.164,7.362,7.565,7.774,8.038,8.318,8.605,8.902,9.209,9.525,9.85,10.295,10.778,11.282,11.805,12.349,12.914,13.503,14.112,14.745,15.401,15.583,15.681,15.78,15.879,15.979,16.079,16.18,16.281,16.383,16.485,16.748,17.043,17.342,17.645,17.952,18.263,18.579,18.898,19.222,19.55,19.892,20.239,20.591,20.948,21.31,21.675,22.045,22.42,22.8,23.183,23.571,23.969,24.376,24.794,25.221,25.658,26.105,26.562,27.03,27.507,27.995,28.493,29.002,29.52,30.049,30.588,31.137,31.695,32.263,32.841,33.427,34.023,34.626,35.238,35.856,36.479,37.106,37.739,38.377,39.019,39.664,40.313,40.966,41.622,42.28,42.942,43.606,44.272,44.941,45.611,46.283
madagascar,7.8,8.049,8.307,8.57,8.842,9.122,9.409,9.704,10.008,10.32,10.642,10.971,11.309,11.657,12.014,12.379,12.747,13.074,13.41,13.751,14.1,14.526,14.964,15.411,15.869,16.334,16.755,17.184,17.622,18.068,18.524,18.988,19.461,19.943,20.434,20.933,21.442,21.959,22.487,23.021,23.566,24.119,24.681,25.251,25.536,25.796,26.058,26.321,26.586,26.853,27.121,27.391,27.663,27.936,28.211,28.814,29.425,30.043,30.67,31.301,31.938,32.58,33.227,33.878,34.534,35.193,35.856,36.522,37.191,37.861,38.534,39.207,39.882,40.556,41.231,41.904,42.577,43.247,43.915,44.579,45.24,45.895,46.544,47.185,47.817,48.451,49.086,49.721,50.356,50.991,51.626,52.26,52.894,53.526,54.158,54.788,55.416,56.043,56.668,57.291,57.911
malawi,3.506,3.586,3.668,3.751,3.837,3.924,4.013,4.104,4.197,4.292,4.39,4.489,4.59,4.694,4.8,4.908,5.018,5.249,5.505,5.773,6.053,6.345,6.651,6.97,7.304,7.652,8.015,8.394,8.636,8.841,9.05,9.263,9.481,9.704,9.931,10.163,10.4,10.641,10.934,11.243,11.56,11.885,12.218,12.558,12.907,13.263,13.629,14.002,14.384,14.522,14.61,14.698,14.786,14.875,14.964,15.054,15.144,15.235,15.326,15.429,15.544,15.672,15.812,15.966,16.132,16.313,16.506,16.714,16.937,17.174,17.427,17.695,17.98,18.28,18.598,18.933,19.286,19.658,20.048,20.457,20.886,21.335,21.804,22.293,22.802,23.32,23.847,24.381,24.924,25.474,26.033,26.599,27.173,27.755,28.345,28.942,29.546,30.158,30.777,31.402,32.035
mauritius,29.327,29.465,29.618,30.276,30.944,31.619,32.303,32.993,33.692,34.397,35.111,35.829,36.555,37.286,38.025,38.767,39.516,40.269,41.028,41.79,42.556,43.326,44.1,43.881,43.662,43.443,43.224,43.005,42.787,42.569,42.351,42.134,41.917,41.701,42.012,42.325,42.639,42.953,43.269,43.584,43.9,43.777,43.653,43.53,43.407,43.284,43.161,43.038,42.916,42.793,42.67,42.559,42.447,42.335,42.223,42.112,42,41.889,41.777,41.666,41.555,41.444,41.332,41.222,41.111,41,40.91,40.841,40.793,40.766,40.76,40.775,40.81,40.867,40.944,41.043,41.162,41.302,41.464,41.647,41.85,42.076,42.322,42.59,42.879,43.19,43.523,43.877,44.253,44.65,45.069,45.509,45.95,46.391,46.834,47.276,47.719,48.163,48.607,49.051,49.495
mayotte,8.52,9.115,9.747,10.417,11.128,11.881,12.679,13.52,14.409,15.346,16.333,17.368,18.456,19.596,20.79,22.033,23.33,23.775,24.227,24.683,25.146,25.614,26.089,26.568,27.053,27.544,28.041,28.542,29.049,29.562,30.08,30.651,31.23,31.814,32.405,32.999,33.6,34.207,34.819,35.435,36.057,36.683,37.813,39.014,40.23,41.458,42.699,43.945,45.201,46.463,47.731,48.998,50.269,50.326,50.279,50.232,50.185,50.137,49.781,49.368,48.954,48.541,48.128,47.715,47.336,46.989,46.676,46.395,46.148,45.933,45.751,45.602,45.486,45.403,45.352,45.334,45.349,45.397,45.477,45.59,45.735,45.914,46.125,46.369,46.647,46.957,47.3,47.675,48.084,48.525,48.966,49.408,49.85,50.291,50.733,51.175,51.616,52.057,52.498,52.939,53.379
mozambique,5.472,5.599,5.728,5.86,5.995,6.133,6.274,6.418,6.565,6.715,6.868,7.051,7.246,7.445,7.65,7.86,8.075,8.296,8.522,8.753,8.99,9.298,9.671,10.056,10.456,10.869,11.297,11.739,12.197,12.669,13.158,14.051,15.035,16.074,17.172,18.326,19.541,20.815,22.152,23.545,25,25.487,25.98,26.479,26.984,27.495,28.013,28.535,28.742,28.92,29.098,29.277,29.457,29.637,29.818,29.999,30.182,30.364,30.832,31.328,31.83,32.336,32.846,33.36,33.878,34.4,34.926,35.455,35.988,36.528,37.074,37.628,38.187,38.753,39.326,39.904,40.487,41.076,41.671,42.27,42.874,43.483,44.095,44.711,45.33,45.953,46.577,47.204,47.832,48.461,49.09,49.718,50.344,50.968,51.586,52.205,52.824,53.442,54.059,54.675,55.29
reunion island,23.493,24.34,25.208,26.093,27,27.926,28.873,29.836,30.819,31.819,32.838,33.871,34.92,35.984,37.064,38.154,39.257,40.371,40.951,41.306,41.662,42.019,42.377,42.735,43.095,44.459,46.255,48.056,49.865,51.673,53.48,55.273,57.628,61.182,64.626,67.916,71.04,73.977,76.718,79.244,81.227,82.302,83.328,84.304,85.235,86.119,86.959,87.754,88.507,89.558,91.169,92.548,93.728,94.732,95.584,96.302,96.907,97.416,97.844,98.201,98.501,98.743,98.94,99.1,99.231,99.339,99.429,99.503,99.564,99.616,99.659,99.696,99.726,99.753,99.775,99.794,99.81,99.823,99.835,99.845,99.853,99.86,99.866,99.87,99.874,99.877,99.879,99.881,99.883,99.884,99.886,99.888,99.89,99.892,99.893,99.895,99.897,99.898,99.9,99.901,99.903
rwanda,2.114,2.158,2.203,2.249,2.296,2.345,2.394,2.444,2.495,2.547,2.6,2.654,2.71,2.766,2.824,2.882,2.942,3.003,3.066,3.129,3.194,3.336,3.491,3.652,3.821,3.998,4.182,4.374,4.575,4.656,4.721,4.786,4.853,4.92,4.988,5.057,5.127,5.198,5.27,5.342,5.416,5.491,6.288,7.313,8.49,9.837,11.374,12.466,13.244,14.064,14.926,15.829,16.777,16.904,16.908,16.912,16.917,16.921,16.925,16.93,16.934,16.938,16.943,16.947,16.967,17.004,17.056,17.125,17.211,17.313,17.432,17.568,17.721,17.892,18.081,18.289,18.515,18.761,19.027,19.313,19.619,19.947,20.297,20.67,21.065,21.485,21.928,22.396,22.888,23.405,23.931,24.465,25.007,25.557,26.115,26.681,27.254,27.835,28.424,29.02,29.624
seychelles,27.399,27.41,27.421,27.432,27.444,27.455,27.466,27.478,27.489,27.5,27.673,28.717,29.786,30.877,31.991,33.123,34.277,35.449,36.641,37.846,39.068,40.337,41.802,43.277,44.767,46.266,47.774,49.282,49.396,49.381,49.366,49.352,49.337,49.322,49.307,49.292,49.277,49.262,49.247,49.25,49.27,49.307,49.362,49.435,49.525,49.633,49.758,49.901,50.061,50.238,50.433,50.646,50.876,51.123,51.388,51.67,51.969,52.285,52.619,52.969,53.336,53.72,54.12,54.537,54.969,55.4,55.831,56.261,56.691,57.119,57.546,57.972,58.396,58.82,59.242,59.663,60.082,60.5,60.917,61.331,61.745,62.156,62.566,62.974,63.38,63.784,64.187,64.587,64.985,65.381,65.775,66.167,66.557,66.944,67.33,67.712,68.093,68.471,68.847,69.22,69.59
somalia,12.726,13.133,13.552,13.98,14.421,14.873,15.338,15.813,16.3,16.8,17.312,17.835,18.372,18.92,19.453,19.964,20.487,21.02,21.563,22.115,22.678,23.251,23.835,24.427,25.03,25.498,25.748,25.999,26.252,26.507,26.763,27.021,27.28,27.541,27.804,28.067,28.333,28.627,28.969,29.312,29.658,30.007,30.359,30.711,31.067,31.425,31.785,32.147,32.511,32.878,33.247,33.617,33.99,34.756,35.531,36.311,37.1,34.404,36.011,37.645,39.31,41,41.558,42.117,42.679,43.245,43.816,44.391,44.971,45.554,46.141,46.731,47.324,47.92,48.519,49.119,49.722,50.326,50.931,51.538,52.144,52.751,53.357,53.962,54.566,55.167,55.767,56.363,56.954,57.54,58.119,58.697,59.273,59.846,60.417,60.985,61.55,62.112,62.671,63.226,63.778
south sudan,8.865,8.853,8.841,8.83,8.818,8.806,8.795,8.783,8.771,8.76,8.748,8.737,8.725,8.714,8.702,8.69,8.679,8.667,8.656,8.645,8.633,8.622,8.61,8.599,8.587,8.576,8.565,8.553,8.542,8.531,8.519,8.508,8.497,8.708,9.261,9.844,10.461,11.111,11.797,12.517,13.276,14.074,14.912,15.626,15.749,15.873,15.997,16.123,16.249,16.376,16.504,16.632,16.761,16.891,17.023,17.154,17.287,17.42,17.555,17.701,17.86,18.032,18.217,18.415,18.626,18.852,19.092,19.346,19.615,19.899,20.199,20.514,20.846,21.195,21.56,21.943,22.344,22.763,23.2,23.656,24.131,24.625,25.138,25.67,26.22,26.779,27.345,27.919,28.5,29.089,29.684,30.287,30.896,31.512,32.135,32.764,33.399,34.04,34.688,35.34,35.999
uganda,2.82,2.95,3.086,3.228,3.377,3.532,3.694,3.863,4.04,4.224,4.417,4.617,4.826,5.045,5.273,5.509,5.757,6.014,6.283,6.562,6.664,6.737,6.812,6.887,6.963,7.04,7.118,7.197,7.276,7.356,7.534,7.834,8.147,8.47,8.805,9.152,9.511,9.882,10.267,10.665,11.076,11.454,11.79,12.133,12.485,12.846,13.216,13.594,13.982,14.379,14.786,15.201,15.626,16.061,16.507,16.96,17.425,17.899,18.384,18.878,19.383,19.898,20.424,20.958,21.504,22.06,22.624,23.196,23.774,24.361,24.954,25.553,26.159,26.771,27.389,28.012,28.64,29.273,29.909,30.55,31.193,31.839,32.487,33.137,33.788,34.438,35.089,35.737,36.384,37.027,37.666,38.296,38.933,39.574,40.218,40.866,41.517,42.171,42.827,43.487,44.148
tanzania,3.491,3.659,3.834,4.017,4.209,4.409,4.619,4.823,4.96,5.101,5.246,5.394,5.547,5.704,5.865,6.03,6.199,6.373,6.804,7.311,7.852,8.431,9.048,9.704,10.403,11.146,11.937,12.773,13.659,14.141,14.555,14.976,15.409,15.851,16.305,16.767,17.241,17.725,18.221,18.565,18.884,19.208,19.536,19.867,20.203,20.543,20.888,21.237,21.59,21.947,22.309,22.674,23.044,23.611,24.223,24.845,25.478,26.121,26.776,27.439,28.114,28.798,29.493,30.196,30.904,31.617,32.333,33.053,33.776,34.5,35.227,35.954,36.682,37.409,38.136,38.862,39.585,40.306,41.024,41.738,42.447,43.151,43.849,44.541,45.225,45.901,46.567,47.223,47.867,48.496,49.128,49.761,50.393,51.026,51.658,52.29,52.92,53.55,54.179,54.807,55.433
zambia,11.5,12.055,12.633,13.234,13.859,14.509,15.185,15.885,16.611,17.364,18.145,18.951,19.785,20.712,22.015,23.372,24.789,26.261,27.791,29.37,30.351,31.241,32.146,33.061,33.992,34.934,35.89,36.855,37.832,38.818,39.815,39.854,39.805,39.755,39.705,39.655,39.606,39.556,39.506,39.456,39.407,38.989,38.514,38.042,37.572,37.104,36.638,36.176,35.716,35.258,34.802,35.002,35.475,35.951,36.43,36.911,37.395,37.881,38.371,38.861,39.355,39.851,40.354,40.865,41.382,41.907,42.438,42.976,43.521,44.072,44.629,45.192,45.761,46.335,46.914,47.498,48.087,48.679,49.276,49.875,50.478,51.083,51.69,52.298,52.906,53.513,54.119,54.721,55.323,55.923,56.522,57.12,57.715,58.307,58.898,59.486,60.071,60.653,61.232,61.808,62.381
zimbabwe,10.644,10.827,11.014,11.203,11.395,11.59,11.788,11.988,12.192,12.398,12.608,12.821,13.082,13.578,14.092,14.62,15.165,15.727,16.306,16.88,17.362,17.855,18.36,18.874,19.4,19.873,20.356,20.846,21.345,21.853,22.371,22.895,23.429,24.069,24.736,25.414,26.105,26.809,27.524,28.25,28.988,29.738,30.499,30.94,31.335,31.732,32.132,32.534,32.939,33.347,33.758,34.17,34.585,34.479,34.294,34.11,33.926,33.743,33.56,33.378,33.196,33.015,32.834,32.654,32.504,32.385,32.296,32.237,32.209,32.21,32.242,32.303,32.395,32.517,32.67,32.853,33.067,33.313,33.589,33.897,34.238,34.61,35.015,35.452,35.923,36.426,36.962,37.532,38.133,38.765,39.403,40.044,40.689,41.337,41.989,42.643,43.299,43.958,44.619,45.282,45.947
angola,7.576,7.826,8.083,8.348,8.621,8.902,9.192,9.489,9.795,10.11,10.435,10.798,11.204,11.624,12.058,12.504,12.965,13.441,13.932,14.436,14.957,15.632,16.455,17.31,18.202,19.128,20.092,21.088,22.122,23.192,24.298,25.437,26.612,27.821,29.065,30.338,31.643,32.978,34.343,35.731,37.144,38.58,40.039,41.511,43,44.169,45.346,46.525,47.71,48.897,50.087,51.274,52.461,53.645,54.827,56,56.764,57.524,58.282,59.034,59.783,60.528,61.268,62.002,62.731,63.446,64.149,64.839,65.514,66.177,66.825,67.46,68.081,68.688,69.281,69.86,70.425,70.976,71.513,72.037,72.546,73.042,73.524,73.993,74.448,74.889,75.317,75.731,76.132,76.518,76.89,77.258,77.623,77.983,78.339,78.691,79.039,79.382,79.721,80.057,80.388
cameroon,9.333,9.724,10.129,10.549,10.984,11.434,11.902,12.384,12.884,13.401,13.937,14.488,15.058,15.647,16.255,16.88,17.525,18.19,18.875,19.577,20.3,21.584,22.927,24.324,25.78,27.292,28.678,29.469,30.274,31.091,31.921,32.761,33.613,34.476,35.35,36.232,37.124,37.941,38.511,39.082,39.657,40.235,40.817,41.399,41.985,42.573,43.164,43.755,44.348,44.944,45.542,46.139,46.738,47.338,47.94,48.541,49.143,49.746,50.35,50.954,51.559,52.164,52.769,53.373,53.976,54.578,55.179,55.777,56.374,56.968,57.56,58.148,58.733,59.315,59.892,60.464,61.032,61.594,62.15,62.7,63.242,63.777,64.301,64.823,65.342,65.858,66.37,66.877,67.381,67.881,68.377,68.869,69.357,69.84,70.319,70.793,71.264,71.729,72.19,72.646,73.098
central african republic,14.418,14.92,15.437,15.966,16.512,17.072,17.648,18.237,18.842,19.463,20.1,20.751,21.418,22.1,22.803,23.519,24.252,25,25.815,26.645,27.492,28.356,29.238,30.133,31.045,31.971,32.575,32.897,33.221,33.546,33.874,34.202,34.532,34.864,35.198,35.532,35.868,36.206,36.545,36.744,36.825,36.906,36.987,37.068,37.149,37.231,37.312,37.394,37.475,37.557,37.639,37.72,37.802,37.884,37.966,38.069,38.193,38.339,38.506,38.694,38.904,39.135,39.388,39.663,39.959,40.277,40.618,40.98,41.364,41.77,42.198,42.648,43.12,43.614,44.13,44.666,45.223,45.801,46.399,47.014,47.646,48.28,48.916,49.551,50.187,50.823,51.458,52.093,52.727,53.361,53.993,54.624,55.253,55.881,56.507,57.131,57.753,58.372,58.989,59.602,60.213
chad,4.5,4.684,4.876,5.074,5.281,5.495,5.718,5.948,6.188,6.437,6.695,6.962,7.239,7.527,7.877,8.406,8.968,9.564,10.196,10.862,11.568,12.313,13.1,13.882,14.704,15.566,16.47,17.413,18.4,18.592,18.787,18.982,19.179,19.377,19.578,19.779,19.983,20.187,20.394,20.602,20.811,21.023,21.235,21.408,21.44,21.473,21.506,21.538,21.571,21.604,21.637,21.67,21.702,21.735,21.768,21.801,21.834,21.868,21.901,21.934,21.985,22.054,22.142,22.248,22.372,22.515,22.677,22.858,23.059,23.279,23.52,23.781,24.063,24.366,24.691,25.038,25.407,25.799,26.215,26.654,27.117,27.604,28.116,28.653,29.214,29.798,30.39,30.989,31.594,32.206,32.824,33.448,34.077,34.713,35.353,36,36.651,37.307,37.968,38.633,39.303
congo,24.926,25.549,26.183,26.826,27.479,28.143,28.816,29.498,30.189,30.89,31.601,32.318,33.045,33.78,34.524,35.273,36.031,36.796,37.569,38.345,39.129,39.919,40.715,41.514,42.357,43.264,44.177,45.091,46.01,46.932,47.857,48.781,49.707,50.633,51.56,52.221,52.642,53.064,53.485,53.905,54.324,54.743,55.162,55.58,55.996,56.413,56.832,57.299,57.766,58.231,58.695,59.156,59.617,60.076,60.533,60.988,61.441,61.893,62.346,62.8,63.256,63.712,64.169,64.627,65.085,65.543,66.001,66.459,66.916,67.373,67.829,68.283,68.736,69.188,69.638,70.085,70.53,70.973,71.412,71.848,72.28,72.708,73.131,73.548,73.962,74.372,74.777,75.179,75.576,75.968,76.357,76.74,77.12,77.495,77.866,78.232,78.594,78.952,79.305,79.654,79.998
democratic republic of the congo,19.1,19.403,19.711,20.021,20.336,20.654,20.976,21.301,21.63,21.963,22.3,22.523,22.749,22.976,23.204,23.434,23.666,23.899,24.134,24.37,24.608,24.847,25.089,25.331,25.575,25.821,26.068,26.317,26.567,26.819,27.072,27.327,27.583,27.84,28.1,28.513,28.93,29.35,29.775,30.202,30.633,31.067,31.506,31.946,32.39,32.838,33.289,33.742,34.199,34.659,35.122,35.587,36.055,36.526,37,37.481,37.971,38.47,38.976,39.491,40.013,40.544,41.082,41.627,42.18,42.74,43.307,43.88,44.46,45.046,45.638,46.235,46.837,47.444,48.055,48.669,49.286,49.905,50.525,51.145,51.762,52.381,52.999,53.616,54.232,54.847,55.46,56.072,56.681,57.289,57.895,58.498,59.099,59.697,60.292,60.884,61.473,62.058,62.64,63.219,63.794
equatorial guinea,15.463,16.806,17.645,18.515,19.418,20.355,21.326,22.328,23.364,24.434,25.537,26.144,26.234,26.323,26.413,26.502,26.592,26.682,26.773,26.863,26.954,27.045,27.136,27.227,27.319,27.41,27.502,27.594,27.687,27.779,27.872,27.965,28.058,28.151,29.028,29.94,30.871,31.817,32.78,33.755,34.745,35.748,36.766,37.792,38.831,40.494,42.187,43.893,45.616,47.35,49.092,50.832,52.573,54.307,56.033,57.74,59.431,61.1,62.745,64.358,65.94,67.488,69,69.544,70.083,70.616,71.138,71.646,72.143,72.627,73.1,73.561,74.01,74.448,74.874,75.29,75.695,76.088,76.472,76.845,77.207,77.56,77.903,78.236,78.559,78.874,79.179,79.475,79.762,80.04,80.31,80.571,80.829,81.085,81.338,81.589,81.837,82.083,82.325,82.566,82.803
gabon,11.4,11.907,12.435,12.98,13.547,14.135,14.744,15.374,16.026,16.7,17.398,18.33,19.594,20.923,22.318,23.775,25.297,26.883,28.533,30.237,32,34.082,36.231,38.43,40.681,42.971,45.295,47.633,49.985,52.337,54.682,57,58.372,59.73,61.076,62.402,63.711,65,66.412,67.792,69.143,70.462,71.749,72.999,73.921,74.797,75.654,76.49,77.306,78.102,78.879,79.633,80.368,81.083,81.778,82.452,83.107,83.742,84.359,84.955,85.533,86.092,86.634,87.156,87.651,88.118,88.559,88.976,89.37,89.741,90.092,90.423,90.735,91.029,91.307,91.568,91.814,92.046,92.264,92.47,92.663,92.844,93.014,93.173,93.322,93.462,93.592,93.713,93.826,93.93,94.033,94.134,94.233,94.331,94.428,94.522,94.616,94.707,94.798,94.886,94.974
sao tome and principe,13.49,13.732,13.977,14.226,14.478,14.735,14.995,15.258,15.526,15.797,16.073,16.805,17.969,19.194,20.484,21.833,23.247,24.724,26.264,27.861,29.518,30.205,30.561,30.917,31.277,31.639,32.004,32.37,32.738,33.109,33.482,33.857,34.826,35.887,36.963,38.049,39.149,40.26,41.382,42.511,43.648,44.793,45.764,46.717,47.673,48.631,49.592,50.55,51.509,52.467,53.424,54.377,55.555,56.766,57.972,59.165,60.348,61.52,62.68,63.823,64.952,66.064,67.16,68.208,69.213,70.174,71.092,71.968,72.803,73.598,74.354,75.073,75.755,76.401,77.014,77.593,78.14,78.657,79.144,79.602,80.032,80.436,80.814,81.166,81.495,81.8,82.083,82.343,82.582,82.819,83.053,83.284,83.513,83.74,83.963,84.185,84.404,84.62,84.834,85.045,85.255
botswana,2.716,2.749,2.782,2.815,2.849,2.883,2.918,2.953,2.988,3.024,3.06,3.097,3.134,3.171,3.318,3.839,4.437,5.124,5.912,6.81,7.834,8.998,9.695,10.381,11.11,11.884,12.705,13.572,14.489,15.457,16.479,17.552,19.489,21.723,24.139,26.724,29.483,32.401,35.467,38.648,41.933,45.292,46.443,47.286,48.133,48.981,49.83,50.677,51.525,52.372,53.219,54.062,54.57,55.029,55.488,55.944,56.4,57.928,59.444,60.937,62.412,63.865,64.768,65.572,66.368,67.155,67.933,68.7,69.446,70.172,70.877,71.56,72.224,72.867,73.49,74.093,74.677,75.241,75.787,76.314,76.822,77.313,77.786,78.242,78.681,79.103,79.509,79.899,80.274,80.633,80.976,81.305,81.619,81.917,82.213,82.504,82.792,83.076,83.356,83.633,83.905
namibia,13.408,13.811,14.225,14.648,15.082,15.526,15.981,16.446,16.923,17.41,17.909,18.334,18.748,19.17,19.6,20.035,20.478,20.929,21.387,21.852,22.292,22.559,22.829,23.1,23.374,23.651,23.929,24.21,24.493,24.778,25.066,25.355,25.611,25.861,26.113,26.366,26.621,26.877,27.136,27.395,27.656,27.919,28.336,28.823,29.316,29.813,30.316,30.823,31.335,31.851,32.373,32.898,33.766,34.709,35.666,36.632,37.61,38.598,39.597,40.601,41.616,42.637,43.693,44.756,45.826,46.9,47.961,49.005,50.032,51.042,52.033,53.005,53.956,54.886,55.795,56.681,57.544,58.384,59.201,59.993,60.762,61.505,62.225,62.919,63.589,64.233,64.853,65.447,66.016,66.559,67.077,67.566,68.054,68.537,69.017,69.492,69.964,70.431,70.894,71.352,71.807
south africa,42.23,42.664,43.101,43.537,43.975,44.413,44.853,45.293,45.734,46.176,46.619,46.793,46.906,47.02,47.134,47.248,47.362,47.476,47.59,47.704,47.809,47.869,47.929,47.989,48.049,48.109,48.169,48.229,48.289,48.349,48.425,48.591,48.756,48.922,49.088,49.372,49.905,50.439,50.972,51.505,52.037,52.554,53.038,53.521,54.004,54.486,54.967,55.449,55.93,56.411,56.891,57.368,57.898,58.446,58.993,59.536,60.077,60.616,61.154,61.687,62.218,62.746,63.272,63.793,64.312,64.828,65.341,65.85,66.355,66.856,67.354,67.847,68.335,68.819,69.298,69.773,70.242,70.706,71.165,71.618,72.065,72.506,72.942,73.371,73.793,74.209,74.617,75.018,75.41,75.799,76.184,76.565,76.941,77.313,77.681,78.045,78.404,78.759,79.11,79.456,79.798
benin,4.957,5.283,5.631,5.999,6.39,6.804,7.244,7.709,8.202,8.723,9.275,9.856,10.47,11.118,11.801,12.519,13.275,14.069,14.903,15.776,16.691,17.647,18.648,19.689,20.775,21.904,23.079,24.293,25.552,26.676,27.339,28.01,28.692,29.384,30.086,30.796,31.517,32.246,32.985,33.73,34.485,35.247,35.827,36.136,36.447,36.758,37.071,37.385,37.699,38.015,38.333,38.65,39.036,39.536,40.039,40.543,41.049,41.558,42.069,42.58,43.093,43.608,44.125,44.642,45.166,45.695,46.229,46.768,47.312,47.861,48.415,48.972,49.534,50.1,50.669,51.241,51.816,52.393,52.973,53.555,54.138,54.722,55.306,55.891,56.475,57.059,57.64,58.219,58.794,59.362,59.931,60.496,61.059,61.619,62.176,62.73,63.28,63.827,64.371,64.91,65.446
burkina faso,3.837,3.916,3.996,4.078,4.162,4.247,4.335,4.423,4.514,4.606,4.7,4.796,4.893,4.993,5.095,5.198,5.303,5.411,5.52,5.632,5.746,5.861,5.98,6.1,6.222,6.347,6.668,7.151,7.668,8.218,8.805,9.428,10.091,10.796,11.544,12.334,12.832,13.072,13.316,13.563,13.815,14.07,14.33,14.593,14.86,15.131,15.407,15.875,16.51,17.166,17.844,18.54,19.258,19.996,20.757,21.537,22.339,22.996,23.534,24.079,24.633,25.196,25.767,26.346,26.934,27.53,28.134,28.743,29.358,29.98,30.607,31.24,31.877,32.52,33.166,33.817,34.471,35.129,35.789,36.451,37.115,37.781,38.447,39.113,39.779,40.444,41.106,41.767,42.423,43.075,43.721,44.358,44.999,45.642,46.286,46.932,47.578,48.226,48.874,49.522,50.171
cabo verde,14.2,14.433,14.67,14.91,15.152,15.399,15.648,15.901,16.157,16.416,16.679,16.948,17.224,17.503,17.787,18.073,18.363,18.657,18.954,19.255,19.559,19.9,20.272,20.649,21.031,21.419,21.812,22.209,22.612,23.02,23.518,24.995,26.535,28.133,29.792,31.5,33.885,36.355,38.902,41.504,44.12,45.044,45.973,46.902,47.834,48.768,49.704,50.637,51.572,52.505,53.435,54.291,55.146,55.997,56.846,57.689,58.529,59.363,60.194,61.016,61.821,62.322,62.821,63.317,63.81,64.3,64.784,65.261,65.732,66.195,66.652,67.102,67.545,67.982,68.412,68.835,69.252,69.662,70.065,70.461,70.851,71.235,71.612,71.982,72.346,72.703,73.054,73.398,73.736,74.067,74.392,74.711,75.027,75.34,75.651,75.959,76.265,76.567,76.867,77.165,77.459
ivory coast,9.962,10.534,11.136,11.766,12.428,13.121,13.848,14.606,15.4,16.507,17.679,18.911,20.21,21.575,23.007,24.5,25.206,25.926,26.659,27.404,28.163,28.934,29.719,30.513,31.321,32.229,33.594,34.983,36.4,36.614,36.829,37.044,37.26,37.476,37.693,37.91,38.127,38.346,38.608,38.976,39.345,39.716,40.088,40.461,40.835,41.21,41.587,41.964,42.342,42.741,43.155,43.568,43.983,44.399,44.817,45.234,45.652,46.071,46.491,46.91,47.33,47.751,48.172,48.593,49.014,49.444,49.881,50.326,50.779,51.239,51.706,52.18,52.661,53.149,53.644,54.144,54.65,55.163,55.68,56.203,56.73,57.261,57.797,58.336,58.878,59.422,59.969,60.517,61.065,61.613,62.157,62.701,63.241,63.778,64.312,64.842,65.369,65.892,66.41,66.925,67.436
gambia,10.265,10.439,10.616,10.796,10.978,11.163,11.351,11.541,11.734,11.93,12.129,12.331,12.535,12.862,13.677,14.533,15.433,16.379,17.373,18.41,19.496,20.63,21.814,22.941,23.675,24.426,25.193,25.974,26.772,27.585,28.414,29.256,30.113,31.008,32.007,33.019,34.049,35.094,36.155,37.226,38.312,39.41,40.52,41.586,42.472,43.362,44.258,45.155,46.057,46.961,47.868,48.775,49.683,50.555,51.288,52.02,52.751,53.481,54.211,54.937,55.662,56.384,57.105,57.82,58.528,59.228,59.918,60.599,61.27,61.931,62.582,63.222,63.852,64.472,65.08,65.678,66.264,66.839,67.402,67.954,68.494,69.023,69.539,70.044,70.536,71.016,71.483,71.937,72.378,72.805,73.229,73.648,74.063,74.474,74.881,75.283,75.681,76.075,76.464,76.849,77.229
ghana,15.444,16.124,16.83,17.557,18.31,19.089,19.893,20.72,21.573,22.452,23.252,23.797,24.352,24.915,25.488,26.067,26.656,27.254,27.86,28.473,28.958,29.174,29.392,29.61,29.829,30.049,30.27,30.492,30.714,30.938,31.163,31.388,31.614,31.842,32.209,32.896,33.591,34.293,35.004,35.719,36.441,37.17,37.905,38.644,39.39,40.14,40.896,41.654,42.418,43.184,43.929,44.601,45.275,45.951,46.63,47.308,47.988,48.669,49.351,50.031,50.713,51.394,52.073,52.748,53.419,54.086,54.749,55.407,56.06,56.707,57.349,57.985,58.615,59.238,59.854,60.463,61.065,61.659,62.244,62.822,63.39,63.95,64.5,65.041,65.571,66.091,66.599,67.094,67.586,68.075,68.56,69.041,69.518,69.991,70.459,70.923,71.383,71.838,72.289,72.736,73.178
guinea,6.711,7.022,7.346,7.683,8.035,8.402,8.784,9.181,9.594,10.024,10.472,10.936,11.418,11.919,12.439,12.978,13.537,14.116,14.716,15.336,15.977,16.641,17.327,18.033,18.763,19.515,20.291,21.087,21.907,22.75,23.617,24.503,25.414,26.072,26.346,26.621,26.898,27.178,27.459,27.741,28.026,28.312,28.601,28.89,29.182,29.475,29.77,30.052,30.323,30.595,30.869,31.144,31.42,31.698,31.977,32.257,32.539,32.822,33.106,33.391,33.678,33.966,34.255,34.545,34.836,35.141,35.46,35.793,36.14,36.5,36.875,37.264,37.668,38.085,38.517,38.963,39.423,39.897,40.386,40.888,41.405,41.935,42.479,43.036,43.606,44.189,44.783,45.39,46.006,46.632,47.264,47.9,48.537,49.173,49.811,50.448,51.085,51.722,52.358,52.993,53.628
guinea-bissau,10.014,10.33,10.657,10.991,11.335,11.688,12.051,12.423,12.805,13.197,13.6,13.747,13.895,14.045,14.197,14.349,14.503,14.658,14.815,14.972,15.132,15.293,15.455,15.618,15.783,15.95,16.118,16.287,16.457,16.77,17.804,18.883,20.013,21.194,22.426,23.704,25.034,26.413,27.841,29.312,30.83,32.39,33.271,33.635,34.002,34.371,34.742,35.114,35.488,35.865,36.243,36.622,37.004,37.387,37.772,38.157,38.545,38.934,39.325,39.716,40.111,40.508,40.908,41.31,41.715,42.123,42.533,42.945,43.36,43.777,44.196,44.617,45.041,45.466,45.893,46.322,46.752,47.185,47.618,48.053,48.489,48.927,49.365,49.804,50.243,50.683,51.123,51.562,52.002,52.441,52.88,53.318,53.756,54.193,54.63,55.066,55.501,55.935,56.368,56.801,57.232
liberia,12.97,13.462,13.971,14.495,15.035,15.592,16.167,16.756,17.364,17.989,18.632,19.291,19.969,20.664,21.378,22.108,22.856,23.622,24.407,25.207,26.025,26.86,27.713,28.581,29.47,30.382,31.311,32.252,33.209,34.181,35.167,36.163,37.173,38.194,39.834,42.373,44.956,47.567,50.195,52.814,55.422,58,55.019,52.009,48.981,45.96,42.964,43.304,43.646,43.988,44.331,44.673,45.017,45.361,45.706,46.051,46.396,46.742,47.088,47.445,47.813,48.193,48.583,48.985,49.397,49.82,50.254,50.697,51.151,51.615,52.089,52.573,53.065,53.567,54.077,54.596,55.123,55.657,56.199,56.746,57.3,57.859,58.423,58.989,59.556,60.123,60.687,61.248,61.806,62.361,62.913,63.462,64.007,64.548,65.086,65.62,66.15,66.676,67.198,67.716,68.229
mali,8.472,8.704,8.943,9.186,9.436,9.692,9.954,10.222,10.497,10.778,11.066,11.361,11.662,11.97,12.286,12.608,12.938,13.274,13.619,13.971,14.33,14.697,15.072,15.454,15.845,16.244,16.651,17.083,17.54,18.007,18.484,18.97,19.466,19.972,20.488,21.013,21.548,22.069,22.482,22.899,23.322,23.751,24.186,24.624,25.069,25.519,25.975,26.434,26.948,27.646,28.356,29.075,29.806,30.547,31.3,32.06,32.832,33.612,34.403,35.2,35.999,36.799,37.599,38.398,39.196,39.991,40.783,41.572,42.356,43.136,43.909,44.677,45.437,46.189,46.934,47.669,48.395,49.11,49.814,50.507,51.187,51.855,52.508,53.147,53.769,54.372,54.977,55.58,56.181,56.781,57.378,57.974,58.567,59.158,59.746,60.331,60.913,61.492,62.068,62.641,63.21
mauritania,3.102,3.364,3.647,3.952,4.282,4.638,5.023,5.436,5.882,6.363,6.88,7.435,8.031,8.671,9.357,10.09,10.874,11.712,12.606,13.554,14.564,15.636,16.773,17.971,19.237,20.569,21.971,23.327,24.627,25.975,27.371,28.81,30.295,31.822,33.391,34.994,36.634,38.305,39.57,39.447,39.323,39.199,39.075,38.952,38.829,38.705,38.582,38.459,38.337,38.214,38.091,38.616,39.48,40.351,41.229,42.111,42.998,43.89,44.788,45.686,46.588,47.493,48.4,49.306,50.203,51.089,51.962,52.824,53.672,54.507,55.327,56.133,56.923,57.699,58.458,59.201,59.927,60.637,61.329,62.004,62.662,63.302,63.924,64.528,65.113,65.68,66.228,66.756,67.265,67.753,68.238,68.719,69.197,69.67,70.139,70.604,71.065,71.521,71.973,72.421,72.864
niger,4.857,4.943,5.032,5.121,5.213,5.306,5.4,5.496,5.593,5.693,5.793,5.896,6,6.259,6.529,6.809,7.1,7.493,7.906,8.339,8.794,9.271,9.772,10.296,10.845,11.419,12.021,12.648,13.025,13.233,13.443,13.656,13.871,14.09,14.312,14.536,14.763,14.993,15.209,15.289,15.368,15.449,15.529,15.61,15.691,15.773,15.855,15.937,16.02,16.103,16.186,16.26,16.255,16.251,16.247,16.242,16.238,16.234,16.229,16.225,16.221,16.216,16.212,16.208,16.219,16.247,16.29,16.35,16.425,16.517,16.626,16.751,16.894,17.054,17.232,17.428,17.642,17.875,18.128,18.401,18.695,19.01,19.346,19.705,20.087,20.492,20.921,21.375,21.853,22.356,22.868,23.389,23.917,24.454,24.999,25.552,26.113,26.682,27.258,27.842,28.434
nigeria,9.35,9.844,10.361,10.9,11.465,12.055,12.672,13.314,13.984,14.682,15.41,15.633,15.858,16.087,16.318,16.551,16.788,17.027,17.269,17.513,17.76,18.151,18.549,18.952,19.363,19.78,20.205,20.636,21.074,21.518,21.97,22.671,23.389,24.122,24.872,25.635,26.414,27.209,28.019,28.842,29.68,30.176,30.677,31.182,31.691,32.205,32.725,33.247,33.773,34.304,34.84,35.669,36.508,37.356,38.212,39.074,39.943,40.819,41.702,42.588,43.48,44.366,45.246,46.118,46.982,47.838,48.683,49.519,50.344,51.157,51.958,52.746,53.521,54.283,55.03,55.762,56.48,57.181,57.867,58.537,59.189,59.825,60.443,61.042,61.623,62.184,62.724,63.262,63.797,64.328,64.856,65.381,65.902,66.419,66.932,67.441,67.946,68.446,68.943,69.435,69.923
saint helena,51.358,51.143,50.927,50.712,50.497,50.282,50.066,49.851,49.635,49.42,49.204,48.989,48.774,48.559,48.343,48.129,47.914,47.54,47.155,46.771,46.388,46.005,45.622,45.24,44.858,44.477,44.097,43.936,43.886,43.835,43.785,43.735,43.684,43.634,43.583,43.533,43.483,43.357,43.095,42.834,42.573,42.312,42.051,41.791,41.532,41.273,41.014,40.756,40.551,40.458,40.365,40.272,40.179,40.087,39.994,39.901,39.809,39.717,39.624,39.552,39.5,39.468,39.456,39.464,39.492,39.54,39.608,39.696,39.805,39.933,40.082,40.251,40.441,40.651,40.881,41.133,41.404,41.697,42.011,42.345,42.7,43.076,43.474,43.892,44.33,44.77,45.211,45.653,46.095,46.538,46.981,47.425,47.869,48.314,48.759,49.204,49.649,50.094,50.539,50.984,51.429
senegal,17.23,17.751,18.285,18.83,19.388,19.958,20.542,21.137,21.745,22.366,23,23.645,24.303,24.973,25.657,26.351,27.057,27.776,28.507,29.247,30,30.72,31.451,32.189,32.937,33.693,34.372,34.718,35.067,35.417,35.769,36.122,36.476,36.832,37.191,37.549,37.909,38.271,38.613,38.755,38.896,39.038,39.18,39.321,39.464,39.606,39.749,39.891,40.034,40.177,40.32,40.464,40.607,40.898,41.306,41.714,42.124,42.535,42.947,43.359,43.773,44.188,44.603,45.019,45.436,45.862,46.296,46.74,47.192,47.653,48.122,48.6,49.086,49.579,50.08,50.589,51.105,51.628,52.158,52.694,53.237,53.785,54.338,54.896,55.459,56.025,56.595,57.168,57.742,58.316,58.888,59.461,60.03,60.597,61.161,61.723,62.281,62.835,63.387,63.935,64.479
sierra leone,12.56,12.982,13.418,13.864,14.324,14.796,15.282,15.779,16.29,16.814,17.352,17.903,18.467,19.06,19.712,20.379,21.064,21.765,22.484,23.218,23.969,24.737,25.522,26.321,27.137,27.729,28.14,28.554,28.972,29.394,29.819,30.248,30.68,31.115,31.555,31.997,32.325,32.555,32.787,33.019,33.252,33.485,33.72,33.955,34.192,34.429,34.667,34.905,35.144,35.384,35.626,35.867,36.109,36.352,36.596,36.919,37.303,37.689,38.077,38.466,38.856,39.248,39.642,40.036,40.432,40.829,41.228,41.636,42.055,42.484,42.923,43.372,43.831,44.3,44.779,45.268,45.766,46.273,46.789,47.315,47.849,48.391,48.942,49.5,50.065,50.638,51.217,51.802,52.393,52.988,53.587,54.188,54.789,55.39,55.991,56.589,57.186,57.78,58.373,58.962,59.55
togo,4.384,4.775,5.2,5.659,6.157,6.695,7.278,7.905,8.583,9.312,10.098,10.94,11.844,12.811,13.847,14.95,16.125,17.374,18.7,20.098,21.28,21.602,21.929,22.258,22.591,22.927,23.268,23.611,23.958,24.308,24.663,25.02,25.391,25.778,26.169,26.562,26.96,27.362,27.768,28.176,28.589,29.005,29.425,29.848,30.275,30.705,31.139,31.576,32.016,32.46,32.907,33.356,33.809,34.265,34.724,35.185,35.649,36.116,36.587,37.058,37.533,38.032,38.546,39.061,39.579,40.1,40.628,41.162,41.702,42.248,42.8,43.358,43.921,44.49,45.064,45.642,46.226,46.813,47.405,48,48.599,49.2,49.805,50.411,51.019,51.628,52.237,52.847,53.455,54.062,54.665,55.264,55.862,56.459,57.055,57.648,58.239,58.827,59.414,59.997,60.578
china,11.803,12.191,12.591,13.001,13.423,13.856,14.302,14.758,15.227,15.708,16.203,16.708,17.226,17.757,18.299,18.086,17.915,17.785,17.656,17.528,17.4,17.292,17.184,17.184,17.292,17.4,17.46,17.52,17.9,18.617,19.358,20.118,20.902,21.545,22.203,22.874,23.559,24.259,24.974,25.701,26.442,27.312,28.2,29.103,30.024,30.961,31.916,32.883,33.867,34.865,35.877,37.093,38.425,39.776,41.144,42.522,43.868,45.199,46.539,47.88,49.226,50.511,51.765,53.013,54.259,55.5,56.736,57.96,59.152,60.308,61.428,62.512,63.56,64.57,65.544,66.481,67.382,68.246,69.074,69.867,70.626,71.35,72.041,72.698,73.324,73.918,74.481,75.014,75.517,75.991,76.436,76.854,77.243,77.605,77.964,78.318,78.668,79.015,79.356,79.694,80.028
hong kong,85.2,85.2,85.2,85.2,85.2,85.2,85.2,85.2,85.2,85.2,85.2,85.293,85.582,85.867,86.147,86.422,86.692,86.958,87.22,87.476,87.729,88.039,88.474,88.894,89.301,89.695,90.077,90.445,90.801,91.145,91.478,91.794,92.09,92.376,92.653,92.92,94.248,96.86,98.309,99.094,99.517,99.832,99.979,100,100,100,100,100,100,100,100,100,100,100,100,100,100,100,100,100,100,100,100,100,100,100,100,100,100,100,100,100,100,100,100,100,100,100,100,100,100,100,100,100,100,100,100,100,100,100,100,100,100,100,100,100,100,100,100,100,100
macao,96.89,96.758,96.619,96.475,96.325,96.169,96.007,95.838,95.662,95.48,95.289,95.328,95.556,95.773,95.98,96.177,96.365,96.544,96.715,96.877,97.032,97.208,97.397,97.573,97.738,97.891,98.035,98.169,98.294,98.41,98.519,98.655,98.889,99.084,99.244,99.377,99.486,99.576,99.651,99.712,99.763,99.805,99.839,99.867,99.891,99.91,99.98,100,100,100,100,100,100,100,100,100,100,100,100,100,100,100,100,100,100,100,100,100,100,100,100,100,100,100,100,100,100,100,100,100,100,100,100,100,100,100,100,100,100,100,100,100,100,100,100,100,100,100,100,100,100
taiwan,26.842,27.28,27.722,28.168,28.619,29.074,29.534,29.996,30.464,30.936,31.412,31.891,32.374,32.862,33.353,33.857,34.375,34.897,35.423,35.951,36.484,37.019,37.559,38.101,38.646,39.784,41.538,43.309,45.1,46.904,48.718,50.531,52.344,54.152,55.951,57.73,59.491,61.228,62.94,64.615,66.257,67.166,67.472,67.776,68.079,68.381,68.681,68.979,69.276,69.572,69.866,70.278,70.789,71.295,71.797,72.292,72.782,73.266,73.746,74.219,74.687,75.149,75.603,76.049,76.487,76.916,77.337,77.751,78.156,78.553,78.942,79.323,79.696,80.062,80.42,80.77,81.112,81.447,81.774,82.094,82.406,82.711,83.009,83.3,83.583,83.858,84.127,84.387,84.644,84.898,85.149,85.396,85.64,85.88,86.117,86.35,86.58,86.807,87.031,87.251,87.469
bangladesh,4.282,4.357,4.437,4.519,4.603,4.687,4.774,4.862,4.951,5.042,5.135,5.278,5.498,5.727,5.964,6.211,6.467,6.733,7.009,7.296,7.593,7.901,8.221,8.553,9.034,9.836,10.701,11.63,12.629,13.701,14.851,15.801,16.212,16.631,17.06,17.496,17.941,18.395,18.859,19.33,19.811,20.257,20.61,20.966,21.328,21.693,22.064,22.438,22.818,23.202,23.59,24.096,24.756,25.429,26.114,26.809,27.517,28.237,28.968,29.709,30.462,31.225,31.993,32.762,33.535,34.308,35.083,35.858,36.632,37.405,38.177,38.946,39.711,40.473,41.23,41.982,42.727,43.466,44.197,44.92,45.634,46.338,47.031,47.713,48.382,49.038,49.679,50.303,50.928,51.553,52.178,52.802,53.425,54.047,54.668,55.288,55.905,56.521,57.135,57.747,58.356
india,17.042,17.312,17.38,17.447,17.514,17.582,17.65,17.718,17.787,17.855,17.924,18.032,18.218,18.405,18.595,18.785,18.977,19.171,19.366,19.562,19.76,19.991,20.321,20.653,20.991,21.332,21.677,22.026,22.379,22.736,23.098,23.417,23.647,23.879,24.113,24.348,24.585,24.823,25.063,25.305,25.547,25.778,25.984,26.191,26.399,26.607,26.817,27.028,27.24,27.453,27.667,27.918,28.244,28.572,28.903,29.235,29.569,29.906,30.246,30.587,30.93,31.276,31.634,32.003,32.384,32.777,33.182,33.6,34.03,34.472,34.926,35.393,35.872,36.364,36.867,37.383,37.911,38.452,39.004,39.567,40.142,40.728,41.324,41.931,42.547,43.172,43.804,44.441,45.082,45.724,46.369,47.014,47.66,48.307,48.955,49.603,50.251,50.899,51.547,52.194,52.841
maldives,10.612,10.667,10.722,10.778,10.833,10.889,10.945,11.002,11.058,11.115,11.173,11.23,11.288,11.345,11.404,11.458,11.393,11.336,11.516,11.698,11.893,12.842,13.858,14.936,16.085,17.304,18.596,19.958,20.978,21.607,22.25,22.905,23.574,24.257,24.954,25.491,25.57,25.648,25.727,25.806,25.84,25.776,25.713,25.649,25.586,25.638,26.008,26.379,26.755,27.134,27.706,28.859,30.042,31.252,32.49,33.75,34.794,35.2,35.61,36.021,36.434,36.849,37.267,37.685,38.106,38.529,38.954,39.38,39.808,40.238,40.669,41.102,41.536,41.971,42.407,42.845,43.284,43.723,44.163,44.605,45.046,45.489,45.931,46.374,46.817,47.261,47.704,48.146,48.589,49.031,49.471,49.912,50.353,50.794,51.235,51.675,52.116,52.556,52.996,53.435,53.873
sri lanka,15.327,15.317,15.307,15.343,15.494,15.647,15.802,15.957,16.114,16.272,16.431,16.592,16.753,16.916,17.014,17.11,17.207,17.304,17.402,17.5,17.598,17.697,17.796,17.896,17.996,18.097,18.198,18.299,18.401,18.504,18.607,18.676,18.66,18.644,18.629,18.613,18.597,18.582,18.566,18.551,18.535,18.52,18.504,18.489,18.473,18.458,18.442,18.427,18.411,18.396,18.38,18.365,18.349,18.334,18.319,18.303,18.288,18.272,18.257,18.242,18.226,18.211,18.196,18.198,18.218,18.256,18.311,18.384,18.476,18.585,18.713,18.86,19.026,19.211,19.416,19.641,19.887,20.153,20.442,20.752,21.085,21.442,21.822,22.226,22.656,23.111,23.591,24.098,24.63,25.171,25.72,26.276,26.841,27.413,27.992,28.579,29.173,29.775,30.383,30.999,31.621
brunei darussalam,26.756,28.234,29.763,31.333,32.95,34.608,36.307,38.036,39.798,41.587,43.401,45.228,47.07,48.92,50.776,52.625,54.469,56.3,58.118,59.908,61.675,63.412,63.736,63.889,64.041,64.193,64.345,64.496,64.647,64.798,64.949,65.099,65.249,65.399,65.548,65.697,65.846,65.994,66.143,66.29,66.438,66.585,67.078,67.604,68.126,68.644,69.158,69.666,70.17,70.669,71.164,71.652,72.046,72.421,72.794,73.163,73.529,73.892,74.252,74.608,74.961,75.31,75.656,75.997,76.332,76.663,76.99,77.312,77.629,77.942,78.25,78.554,78.854,79.149,79.439,79.726,80.007,80.285,80.559,80.828,81.093,81.353,81.61,81.863,82.111,82.355,82.596,82.832,83.065,83.297,83.525,83.751,83.975,84.196,84.415,84.631,84.845,85.056,85.265,85.471,85.675
cambodia,10.2,10.208,10.217,10.225,10.234,10.242,10.251,10.259,10.268,10.276,10.285,10.293,10.333,10.497,10.662,10.83,11,12.098,13.291,14.579,15.97,18.717,21.818,25.263,29.055,4.477,4.82,5.186,5.578,5.999,9.898,12.742,13.031,13.325,13.626,13.931,14.242,14.559,14.883,15.211,15.546,15.887,16.234,16.587,16.946,17.311,17.683,18.06,18.355,18.47,18.586,18.703,18.82,18.937,19.055,19.174,19.293,19.413,19.571,19.93,20.294,20.663,21.037,21.415,21.799,22.188,22.582,22.98,23.388,23.805,24.232,24.668,25.114,25.57,26.035,26.51,26.995,27.49,27.995,28.51,29.034,29.568,30.112,30.665,31.227,31.798,32.378,32.967,33.564,34.168,34.78,35.397,36.02,36.645,37.277,37.913,38.554,39.198,39.847,40.498,41.153
indonesia,12.4,12.605,12.814,13.024,13.238,13.455,13.676,13.898,14.124,14.353,14.586,14.821,15.058,15.299,15.543,15.789,16.039,16.293,16.549,16.809,17.071,17.338,17.779,18.28,18.793,19.317,19.853,20.398,20.956,21.524,22.104,22.815,23.606,24.415,25.244,26.089,26.953,27.835,28.736,29.651,30.584,31.613,32.703,33.808,34.933,36.076,37.235,38.406,39.593,40.792,42.002,42.783,43.568,44.356,45.149,45.942,46.738,47.535,48.335,49.134,49.914,50.595,51.276,51.955,52.635,53.313,53.989,54.659,55.325,55.985,56.641,57.29,57.934,58.572,59.204,59.828,60.446,61.056,61.659,62.254,62.841,63.42,63.99,64.551,65.103,65.646,66.179,66.702,67.215,67.717,68.207,68.684,69.158,69.629,70.095,70.557,71.016,71.469,71.919,72.364,72.805
laos,7.239,7.307,7.376,7.445,7.515,7.585,7.656,7.728,7.8,7.873,7.946,8.02,8.095,8.17,8.246,8.323,8.4,8.692,8.994,9.304,9.625,9.955,10.295,10.597,10.837,11.081,11.331,11.584,11.843,12.107,12.377,12.65,12.93,13.214,13.504,13.804,14.118,14.439,14.766,15.098,15.437,15.782,16.133,16.49,16.854,17.378,18.234,19.12,20.039,20.991,21.977,22.993,24.044,25.126,26.242,27.186,27.748,28.316,28.893,29.475,30.064,30.66,31.264,31.872,32.487,33.108,33.736,34.368,35.004,35.645,36.29,36.939,37.592,38.247,38.906,39.566,40.229,40.893,41.559,42.225,42.891,43.557,44.222,44.886,45.548,46.207,46.864,47.516,48.163,48.804,49.439,50.063,50.689,51.315,51.941,52.566,53.191,53.814,54.436,55.057,55.677
malaysia,20.361,20.947,21.547,22.158,22.781,23.417,24.066,24.723,25.338,25.962,26.598,27.241,27.895,28.558,29.232,29.913,30.604,31.304,32.013,32.729,33.454,34.271,35.104,35.944,36.794,37.652,38.519,39.391,40.271,41.158,42.044,42.807,43.574,44.345,45.119,45.893,46.671,47.45,48.232,49.012,49.794,50.576,51.814,53.109,54.402,55.688,56.969,58.237,59.496,60.742,61.977,62.922,63.856,64.78,65.694,66.594,67.483,68.36,69.225,70.075,70.912,71.609,72.275,72.93,73.577,74.213,74.84,75.447,76.036,76.607,77.16,77.696,78.214,78.716,79.201,79.67,80.124,80.562,80.984,81.392,81.786,82.165,82.531,82.883,83.223,83.549,83.863,84.164,84.454,84.732,84.998,85.252,85.495,85.735,85.972,86.206,86.436,86.663,86.887,87.107,87.325
myanmar,16.158,16.441,16.729,17.02,17.316,17.616,17.92,18.233,18.559,18.89,19.226,19.566,19.91,20.259,20.613,20.971,21.334,21.701,22.073,22.449,22.83,23.215,23.606,23.903,23.913,23.922,23.933,23.942,23.952,23.962,23.973,23.982,23.993,24.042,24.212,24.381,24.552,24.724,24.896,25.069,25.243,25.418,25.593,25.769,25.946,26.124,26.303,26.482,26.663,26.843,27.025,27.208,27.391,27.575,27.76,27.946,28.132,28.319,28.507,28.695,28.885,29.075,29.266,29.457,29.65,29.858,30.082,30.322,30.579,30.852,31.141,31.448,31.771,32.112,32.47,32.846,33.239,33.65,34.079,34.525,34.99,35.474,35.975,36.494,37.032,37.587,38.16,38.75,39.357,39.98,40.615,41.256,41.9,42.547,43.196,43.848,44.502,45.157,45.815,46.473,47.134
philippines,27.135,27.444,27.756,28.069,28.385,28.702,29.023,29.344,29.668,29.994,30.297,30.555,30.816,31.077,31.34,31.604,31.869,32.135,32.403,32.672,32.979,33.493,34.012,34.533,35.059,35.56,35.917,36.275,36.635,36.997,37.456,38.394,39.343,40.3,41.266,42.235,43.212,44.195,45.183,46.172,46.986,46.901,46.815,46.73,46.645,46.56,46.475,46.39,46.305,46.22,46.135,46.05,45.965,45.88,45.795,45.71,45.625,45.54,45.455,45.371,45.332,45.522,45.712,45.903,46.093,46.284,46.475,46.682,46.907,47.149,47.408,47.684,47.977,48.287,48.614,48.958,49.318,49.695,50.088,50.498,50.924,51.365,51.823,52.295,52.783,53.285,53.802,54.332,54.876,55.432,55.999,56.577,57.162,57.748,58.331,58.912,59.491,60.067,60.64,61.21,61.777
singapore,99.445,99.884,99.976,100,100,100,100,100,100,100,100,100,100,100,100,100,100,100,100,100,100,100,100,100,100,100,100,100,100,100,100,100,100,100,100,100,100,100,100,100,100,100,100,100,100,100,100,100,100,100,100,100,100,100,100,100,100,100,100,100,100,100,100,100,100,100,100,100,100,100,100,100,100,100,100,100,100,100,100,100,100,100,100,100,100,100,100,100,100,100,100,100,100,100,100,100,100,100,100,100,100
thailand,16.479,16.783,17.091,17.403,17.719,18.041,18.367,18.697,19.032,19.371,19.672,19.781,19.89,20,20.11,20.221,20.332,20.444,20.556,20.668,20.889,21.442,22.006,22.579,23.164,23.758,24.365,24.98,25.606,26.242,26.791,27.049,27.308,27.569,27.832,28.095,28.361,28.628,28.897,29.167,29.424,29.593,29.763,29.934,30.105,30.276,30.449,30.622,30.795,30.969,31.386,32.548,33.734,34.941,36.169,37.411,38.673,39.95,41.242,42.543,43.856,44.698,45.445,46.193,46.943,47.694,48.448,49.2,49.949,50.692,51.43,52.163,52.889,53.608,54.32,55.024,55.721,56.409,57.088,57.759,58.42,59.071,59.713,60.344,60.965,61.574,62.173,62.76,63.335,63.897,64.447,64.984,65.506,66.012,66.517,67.018,67.515,68.008,68.497,68.982,69.463
east timor,9.892,9.912,9.931,9.951,9.971,9.991,10.011,10.031,10.051,10.071,10.091,10.243,10.511,10.785,11.066,11.353,11.646,11.946,12.253,12.566,12.886,13.213,13.548,13.889,14.237,14.593,14.956,15.326,15.704,16.089,16.483,16.883,17.291,17.708,18.132,18.563,19.003,19.451,19.907,20.37,20.842,21.215,21.54,21.867,22.199,22.534,22.873,23.215,23.561,23.91,24.263,24.619,24.979,25.343,25.71,26.041,26.374,26.709,27.048,27.389,27.732,28.079,28.428,28.779,29.133,29.49,29.85,30.212,30.578,30.947,31.32,31.695,32.074,32.456,32.842,33.23,33.622,34.016,34.414,34.814,35.217,35.623,36.032,36.444,36.858,37.274,37.693,38.115,38.538,38.964,39.391,39.821,40.251,40.683,41.117,41.552,41.989,42.426,42.865,43.305,43.746
viet nam,11.641,11.92,12.205,12.495,12.792,13.094,13.404,13.718,14.039,14.366,14.7,15.031,15.369,15.714,16.064,16.421,16.784,17.153,17.529,17.911,18.3,18.396,18.492,18.588,18.685,18.782,18.88,18.978,19.076,19.175,19.247,19.309,19.372,19.435,19.498,19.561,19.625,19.688,19.752,19.891,20.257,20.629,21.006,21.387,21.774,22.166,22.563,22.965,23.371,23.817,24.374,24.937,25.511,26.092,26.683,27.281,27.888,28.504,29.128,29.762,30.417,31.08,31.752,32.429,33.115,33.809,34.51,35.213,35.919,36.628,37.34,38.052,38.766,39.48,40.195,40.909,41.622,42.334,43.043,43.751,44.455,45.155,45.851,46.543,47.229,47.909,48.583,49.249,49.907,50.557,51.196,51.824,52.438,53.053,53.667,54.281,54.893,55.504,56.113,56.72,57.325
sweden,65.724,66.548,67.24,67.923,68.6,69.269,69.93,70.582,71.226,71.862,72.49,73.295,74.271,75.223,76.153,77.056,77.914,78.727,79.519,80.287,81.034,81.563,81.886,82.203,82.517,82.73,82.802,82.873,82.944,83.016,83.087,83.1,83.1,83.1,83.1,83.1,83.1,83.1,83.1,83.1,83.1,83.204,83.361,83.516,83.671,83.824,83.914,83.942,83.97,83.998,84.026,84.071,84.133,84.196,84.258,84.319,84.43,84.588,84.746,84.902,85.056,85.297,85.62,85.936,86.247,86.553,86.852,87.146,87.431,87.708,87.977,88.238,88.492,88.738,88.976,89.208,89.432,89.65,89.862,90.067,90.266,90.458,90.645,90.827,91.002,91.172,91.337,91.497,91.652,91.801,91.946,92.086,92.222,92.353,92.482,92.609,92.734,92.857,92.978,93.097,93.215
spain,51.92,52.336,52.809,53.281,53.753,54.224,54.695,55.164,55.632,56.1,56.567,57.303,58.308,59.306,60.298,61.278,62.251,63.214,64.168,65.108,66.038,66.848,67.541,68.224,68.901,69.57,70.231,70.883,71.527,72.162,72.789,73.279,73.515,73.749,73.982,74.213,74.444,74.673,74.9,75.126,75.351,75.528,75.61,75.692,75.774,75.856,75.938,76.019,76.1,76.181,76.262,76.343,76.533,76.778,77.022,77.263,77.502,77.74,77.976,78.21,78.442,78.673,78.902,79.133,79.366,79.602,79.84,80.08,80.321,80.565,80.81,81.056,81.304,81.552,81.802,82.053,82.304,82.556,82.808,83.06,83.313,83.565,83.817,84.069,84.32,84.57,84.819,85.067,85.313,85.556,85.796,86.032,86.265,86.494,86.721,86.944,87.164,87.381,87.595,87.805,88.013
belgium,91.466,91.571,91.674,91.776,91.877,91.977,92.076,92.174,92.27,92.366,92.46,92.554,92.679,92.835,92.988,93.137,93.284,93.428,93.569,93.707,93.843,93.976,94.106,94.233,94.358,94.48,94.6,94.806,95.005,95.196,95.381,95.535,95.637,95.737,95.835,95.93,96.023,96.115,96.204,96.292,96.377,96.461,96.542,96.622,96.7,96.777,96.851,96.924,96.996,97.065,97.129,97.186,97.241,97.296,97.35,97.403,97.454,97.505,97.555,97.603,97.651,97.698,97.744,97.789,97.833,97.876,97.919,97.961,98.001,98.041,98.079,98.117,98.153,98.189,98.224,98.258,98.291,98.323,98.355,98.386,98.416,98.445,98.473,98.501,98.528,98.555,98.581,98.606,98.63,98.654,98.678,98.701,98.723,98.745,98.766,98.787,98.808,98.828,98.848,98.868,98.887
anguilla,100,100,100,100,100,100,100,100,100,100,100,100,100,100,100,100,100,100,100,100,100,100,100,100,100,100,100,100,100,100,100,100,100,100,100,100,100,100,100,100,100,100,100,100,100,100,100,100,100,100,100,100,100,100,100,100,100,100,100,100,100,100,100,100,100,100,100,100,100,100,100,100,100,100,100,100,100,100,100,100,100,100,100,100,100,100,100,100,100,100,100,100,100,100,100,100,100,100,100,100,100
antigua and barbuda,30.065,31,31.951,32.915,33.895,34.889,35.898,36.916,37.948,38.991,39.656,39.04,38.427,37.817,37.211,36.61,36.012,35.418,34.829,34.245,33.819,33.898,33.978,34.057,34.137,34.217,34.297,34.377,34.457,34.538,34.618,34.698,34.779,34.86,34.94,35.021,35.102,35.183,35.264,35.345,35.426,35.465,35.085,34.709,34.334,33.961,33.59,33.221,32.855,32.49,32.127,31.74,31.098,30.464,29.837,29.218,28.606,28.002,27.405,26.818,26.238,25.703,25.526,25.35,25.175,25,24.846,24.713,24.599,24.506,24.433,24.38,24.346,24.332,24.338,24.363,24.408,24.473,24.558,24.663,24.787,24.933,25.098,25.285,25.493,25.722,25.973,26.246,26.541,26.859,27.201,27.566,27.934,28.305,28.679,29.056,29.436,29.819,30.204,30.593,30.984
aruba,50.928,50.913,50.898,50.883,50.867,50.852,50.837,50.822,50.807,50.791,50.776,50.761,50.746,50.73,50.715,50.7,50.685,50.67,50.654,50.639,50.624,50.609,50.593,50.578,50.563,50.548,50.532,50.517,50.502,50.487,50.472,50.456,50.441,50.426,50.411,50.395,50.38,50.365,50.35,50.335,50.319,50.304,49.998,49.588,49.177,48.767,48.356,47.946,47.536,47.127,46.717,46.339,45.972,45.606,45.24,44.875,44.511,44.147,43.783,43.421,43.059,42.94,42.957,42.99,43.041,43.108,43.192,43.293,43.411,43.546,43.697,43.866,44.052,44.254,44.474,44.711,44.965,45.236,45.524,45.83,46.152,46.492,46.849,47.223,47.614,48.021,48.446,48.887,49.328,49.769,50.211,50.652,51.094,51.535,51.976,52.416,52.857,53.296,53.736,54.174,54.613
bahamas,52.086,52.859,53.631,54.4,55.168,55.933,56.697,57.455,58.211,58.963,59.712,60.454,61.193,61.926,62.642,63.343,64.04,64.73,65.416,66.093,66.764,67.429,68.088,68.738,69.381,70.017,70.647,71.266,71.879,72.484,73.102,73.843,74.571,75.285,75.987,76.674,77.347,78.007,78.654,79.284,79.838,80.067,80.293,80.518,80.74,80.961,81.18,81.396,81.611,81.824,82.007,82.049,82.092,82.134,82.176,82.218,82.26,82.302,82.343,82.385,82.427,82.476,82.532,82.596,82.668,82.746,82.832,82.925,83.025,83.132,83.245,83.365,83.492,83.625,83.764,83.91,84.061,84.218,84.381,84.549,84.722,84.901,85.084,85.272,85.465,85.661,85.861,86.06,86.255,86.449,86.64,86.829,87.016,87.2,87.382,87.562,87.74,87.916,88.089,88.26,88.429
barbados,36.053,36.125,36.197,36.269,36.342,36.414,36.487,36.559,36.631,36.704,36.777,36.849,36.922,36.995,37.068,37.141,37.214,37.287,37.36,37.433,37.55,37.809,38.07,38.331,38.592,38.855,39.118,39.381,39.646,39.91,40.102,39.828,39.554,39.28,39.007,38.736,38.464,38.194,37.923,37.654,37.37,37.006,36.643,36.283,35.924,35.566,35.21,34.856,34.503,34.152,33.827,33.629,33.431,33.234,33.037,32.841,32.646,32.451,32.256,32.063,31.87,31.7,31.553,31.429,31.328,31.249,31.193,31.159,31.147,31.158,31.191,31.246,31.324,31.425,31.548,31.694,31.863,32.055,32.27,32.509,32.772,33.059,33.37,33.705,34.065,34.45,34.86,35.273,35.688,36.105,36.524,36.945,37.368,37.793,38.22,38.649,39.08,39.512,39.946,40.381,40.818
british virgin islands,11.228,11.319,11.41,11.501,11.594,11.687,11.78,11.875,11.969,12.065,12.228,12.618,13.019,13.43,13.854,14.287,14.732,15.188,15.657,16.135,16.635,17.174,17.728,18.294,18.875,19.47,20.081,20.703,21.34,21.992,22.741,24.039,25.389,26.788,28.237,29.728,31.266,32.846,34.468,36.123,37.814,39.334,39.603,39.872,40.142,40.413,40.684,40.955,41.228,41.5,41.774,42.048,42.328,42.615,42.909,43.21,43.517,43.831,44.152,44.479,44.814,45.154,45.502,45.856,46.216,46.583,46.957,47.337,47.723,48.116,48.515,48.92,49.331,49.748,50.171,50.599,51.033,51.472,51.911,52.349,52.787,53.225,53.662,54.099,54.535,54.971,55.405,55.839,56.272,56.704,57.135,57.565,57.993,58.421,58.847,59.272,59.696,60.118,60.538,60.957,61.375
caribbean netherlands,70.831,71.189,71.545,71.898,72.248,72.596,72.942,73.283,73.623,73.96,74.294,74.625,74.953,75.279,75.602,75.921,76.238,76.552,76.863,77.171,77.476,77.779,77.991,78.114,78.236,78.358,78.48,78.6,78.721,78.841,78.96,78.972,78.829,78.686,78.542,78.398,78.253,78.107,77.96,77.813,77.665,77.516,77.309,77.023,76.734,76.443,76.148,75.852,75.553,75.252,74.947,74.769,74.765,74.762,74.759,74.755,74.752,74.748,74.745,74.742,74.738,74.735,74.732,74.728,74.737,74.759,74.792,74.838,74.896,74.966,75.048,75.142,75.249,75.366,75.496,75.637,75.79,75.953,76.128,76.314,76.51,76.717,76.933,77.16,77.397,77.643,77.898,78.162,78.434,78.715,78.992,79.268,79.54,79.81,80.077,80.341,80.603,80.862,81.119,81.373,81.624
cayman islands,100,100,100,100,100,100,100,100,100,100,100,100,100,100,100,100,100,100,100,100,100,100,100,100,100,100,100,100,100,100,100,100,100,100,100,100,100,100,100,100,100,100,100,100,100,100,100,100,100,100,100,100,100,100,100,100,100,100,100,100,100,100,100,100,100,100,100,100,100,100,100,100,100,100,100,100,100,100,100,100,100,100,100,100,100,100,100,100,100,100,100,100,100,100,100,100,100,100,100,100,100
cuba,56.511,56.701,56.891,57.08,57.269,57.458,57.648,57.836,58.024,58.213,58.401,58.588,58.776,58.963,59.15,59.337,59.523,59.709,59.895,60.081,60.266,60.976,61.8,62.614,63.423,64.224,65.018,65.802,66.579,67.346,68.106,68.853,69.414,69.925,70.433,70.933,71.43,71.921,72.408,72.888,73.364,73.676,73.827,73.977,74.127,74.277,74.426,74.618,74.855,75.089,75.323,75.555,75.785,75.947,76.041,76.134,76.227,76.32,76.413,76.505,76.597,76.689,76.781,76.827,76.861,76.896,76.93,76.977,77.037,77.109,77.194,77.292,77.401,77.523,77.657,77.803,77.96,78.129,78.309,78.5,78.702,78.914,79.136,79.367,79.609,79.859,80.118,80.385,80.66,80.942,81.23,81.525,81.825,82.122,82.414,82.704,82.989,83.27,83.548,83.822,84.093
curacao,70.566,70.997,71.426,71.85,72.27,72.687,73.1,73.508,73.912,74.313,74.71,75.102,75.49,75.875,76.255,76.631,77.003,77.37,77.734,78.093,78.448,78.799,79.146,79.488,79.827,80.161,80.491,80.817,81.138,81.456,81.769,82.078,82.383,82.684,82.982,83.274,83.563,83.848,84.129,84.405,84.678,84.947,85.444,86.224,86.969,87.68,88.358,89.002,89.615,90.198,90.752,91.011,90.894,90.775,90.655,90.534,90.411,90.287,90.161,90.034,89.905,89.775,89.654,89.544,89.443,89.352,89.272,89.203,89.145,89.098,89.062,89.038,89.025,89.023,89.033,89.055,89.087,89.131,89.187,89.253,89.33,89.418,89.516,89.625,89.743,89.87,90.007,90.152,90.296,90.438,90.577,90.715,90.852,90.986,91.119,91.249,91.379,91.506,91.632,91.755,91.878
dominica,34.697,35.013,35.329,35.647,35.966,36.286,36.608,36.93,37.254,37.579,37.846,37.912,37.979,38.046,38.113,38.18,38.247,38.314,38.381,38.448,38.683,39.47,40.264,41.061,41.864,42.671,43.484,44.297,45.115,45.935,46.759,47.793,49.524,51.257,52.99,54.71,56.422,58.118,59.798,61.45,63.079,64.482,64.569,64.656,64.744,64.831,64.918,65.005,65.092,65.179,65.265,65.382,65.689,65.994,66.299,66.601,66.903,67.203,67.502,67.799,68.094,68.389,68.685,68.982,69.28,69.579,69.88,70.181,70.483,70.786,71.09,71.395,71.7,72.006,72.312,72.619,72.926,73.233,73.541,73.848,74.155,74.463,74.769,75.076,75.382,75.688,75.993,76.297,76.598,76.897,77.193,77.487,77.777,78.065,78.351,78.633,78.913,79.191,79.465,79.737,80.006
dominican republic,23.741,24.341,24.953,25.572,26.203,26.843,27.495,28.154,28.823,29.502,30.191,31.112,32.074,33.052,34.046,35.052,36.073,37.106,38.153,39.207,40.274,41.351,42.437,43.527,44.626,45.729,46.838,47.948,49.061,50.175,51.29,52.401,53.05,53.323,53.596,53.868,54.14,54.412,54.684,54.955,55.226,55.497,55.767,56.037,56.752,57.598,58.441,59.276,60.107,60.933,61.753,62.565,63.371,64.605,66.003,67.37,68.71,70.02,71.3,72.542,73.753,74.827,75.802,76.749,77.67,78.566,79.436,80.277,81.074,81.828,82.54,83.213,83.848,84.446,85.011,85.543,86.043,86.514,86.957,87.374,87.765,88.132,88.476,88.799,89.101,89.383,89.646,89.892,90.121,90.333,90.53,90.711,90.878,91.031,91.182,91.331,91.477,91.621,91.763,91.903,92.04
grenada,28.495,28.676,28.857,29.039,29.222,29.405,29.589,29.773,29.959,30.145,30.332,30.519,30.707,30.895,31.085,31.274,31.465,31.656,31.848,32.04,32.212,32.281,32.351,32.421,32.491,32.561,32.631,32.701,32.771,32.841,32.912,32.978,33.028,33.078,33.128,33.177,33.227,33.277,33.327,33.377,33.427,33.503,33.744,33.985,34.227,34.47,34.714,34.959,35.204,35.45,35.698,35.919,35.913,35.907,35.901,35.895,35.889,35.883,35.877,35.871,35.865,35.859,35.869,35.896,35.938,35.997,36.072,36.164,36.272,36.396,36.537,36.694,36.868,37.059,37.267,37.491,37.733,37.992,38.267,38.561,38.871,39.199,39.545,39.908,40.289,40.688,41.104,41.538,41.973,42.41,42.848,43.287,43.727,44.168,44.61,45.052,45.496,45.94,46.385,46.83,47.276
guadeloupe,35.8,38.049,40.354,42.696,45.075,47.476,49.892,52.302,54.705,57.086,59.438,61.741,63.996,66.19,68.32,70.37,72.344,74.234,76.041,77.754,79.38,80.917,82.366,83.724,84.998,86.188,87.3,88.332,89.291,90.18,91.004,91.763,92.465,93.111,93.706,94.252,94.753,95.213,95.635,96.021,96.374,96.697,96.992,97.261,97.507,97.731,97.936,98.122,98.292,98.4,98.4,98.4,98.4,98.4,98.4,98.4,98.4,98.401,98.403,98.406,98.41,98.414,98.42,98.427,98.434,98.443,98.452,98.463,98.474,98.486,98.499,98.512,98.526,98.542,98.557,98.574,98.591,98.609,98.627,98.646,98.666,98.686,98.707,98.727,98.747,98.766,98.786,98.805,98.823,98.842,98.86,98.878,98.896,98.913,98.93,98.947,98.963,98.98,98.996,99.011,99.027
haiti,12.169,12.48,12.798,13.122,13.453,13.792,14.138,14.49,14.85,15.217,15.593,15.975,16.365,16.762,17.168,17.58,18.001,18.429,18.866,19.31,19.762,20.222,20.323,20.35,20.377,20.404,20.431,20.459,20.486,20.513,20.541,20.568,20.595,21.36,22.297,23.261,24.255,25.277,26.329,27.405,28.51,29.641,30.8,31.39,31.987,32.59,33.2,33.792,34.389,34.992,35.6,37.251,38.935,40.645,41.679,42.638,43.604,44.574,45.551,46.528,47.509,48.492,49.477,50.46,51.444,52.427,53.396,54.346,55.278,56.192,57.088,57.964,58.82,59.656,60.472,61.266,62.04,62.793,63.524,64.234,64.923,65.589,66.235,66.858,67.46,68.041,68.6,69.137,69.653,70.147,70.618,71.067,71.512,71.954,72.391,72.825,73.253,73.678,74.098,74.514,74.925
jamaica,24.116,24.998,25.903,26.826,27.771,28.736,29.722,30.725,31.747,32.788,33.769,34.5,35.239,35.985,36.74,37.499,38.265,39.036,39.815,40.596,41.324,41.858,42.395,42.933,43.472,44.013,44.557,45.1,45.645,46.191,46.739,47.286,47.813,48.016,48.22,48.424,48.628,48.832,49.036,49.24,49.444,49.656,49.896,50.136,50.375,50.615,50.855,51.095,51.335,51.574,51.814,52.053,52.251,52.437,52.625,52.811,52.998,53.184,53.371,53.557,53.743,53.93,54.132,54.35,54.584,54.833,55.098,55.378,55.674,55.985,56.311,56.652,57.008,57.378,57.762,58.16,58.572,58.997,59.435,59.886,60.349,60.824,61.309,61.806,62.312,62.827,63.35,63.878,64.405,64.928,65.448,65.964,66.476,66.985,67.489,67.99,68.486,68.979,69.467,69.95,70.429
martinique,32.89,32.767,32.645,32.522,32.4,33.63,34.883,36.155,37.448,38.76,40.089,41.43,43.368,45.548,47.749,49.953,52.16,54.358,56.596,58.824,61.018,63.169,65.272,67.311,69.289,71.199,73.039,74.798,76.482,78.086,79.612,81.054,82.178,82.74,83.288,83.82,84.34,84.846,85.339,85.817,86.283,86.736,87.177,87.604,88.02,88.423,88.815,89.195,89.563,89.786,89.713,89.64,89.566,89.492,89.417,89.342,89.266,89.199,89.14,89.091,89.05,89.018,88.995,88.981,88.977,88.981,88.995,89.018,89.049,89.09,89.14,89.198,89.265,89.341,89.425,89.517,89.617,89.725,89.84,89.963,90.092,90.228,90.371,90.511,90.65,90.787,90.922,91.055,91.187,91.317,91.445,91.571,91.696,91.819,91.941,92.06,92.178,92.295,92.41,92.523,92.635
montserrat,15.8,15.8,15.8,15.8,15.8,15.8,15.829,15.859,15.888,15.917,15.82,15.311,14.814,14.332,13.861,13.405,12.961,12.53,12.11,11.704,11.424,11.53,11.636,11.743,11.85,11.959,12.069,12.179,12.29,12.402,12.5,12.5,12.5,12.5,12.5,12.5,12.5,12.5,12.5,12.5,12.5,12.5,12.5,12.5,12.5,12.5,12.5,12.5,0.052,0.333,2.087,9.495,9.456,9.418,9.379,9.341,9.303,9.265,9.227,9.19,9.152,9.115,9.085,9.063,9.048,9.041,9.041,9.048,9.063,9.086,9.115,9.153,9.198,9.251,9.312,9.381,9.458,9.543,9.637,9.739,9.851,9.972,10.102,10.242,10.392,10.553,10.724,10.906,11.091,11.279,11.469,11.663,11.859,12.058,12.259,12.464,12.672,12.882,13.096,13.313,13.532
puerto rico,40.592,40.958,41.326,41.693,42.062,42.432,42.803,43.174,43.547,43.92,44.547,45.933,47.327,48.724,50.126,51.524,52.921,54.314,55.702,57.077,58.328,59.23,60.127,61.014,61.896,62.77,63.637,64.492,65.34,66.178,67.835,71.772,75.406,78.711,81.684,84.317,86.637,88.66,90.413,91.915,92.942,93.106,93.267,93.424,93.578,93.729,93.876,94.02,94.161,94.298,94.387,94.333,94.278,94.224,94.168,94.112,94.056,93.999,93.942,93.884,93.825,93.773,93.726,93.686,93.651,93.624,93.602,93.587,93.578,93.576,93.581,93.592,93.61,93.634,93.664,93.701,93.744,93.792,93.847,93.908,93.974,94.046,94.122,94.204,94.29,94.381,94.476,94.57,94.662,94.752,94.842,94.929,95.016,95.1,95.184,95.266,95.347,95.426,95.505,95.582,95.657
saint kitts and nevis,26.518,26.617,26.717,26.817,26.917,27.018,27.119,27.219,27.32,27.422,27.644,28.269,28.903,29.545,30.197,30.855,31.521,32.196,32.878,33.567,34.141,34.317,34.495,34.672,34.849,35.027,35.206,35.385,35.564,35.744,35.882,35.754,35.626,35.498,35.37,35.243,35.116,34.989,34.862,34.735,34.609,34.474,34.283,34.093,33.904,33.715,33.526,33.339,33.151,32.965,32.778,32.598,32.455,32.312,32.17,32.028,31.886,31.744,31.603,31.463,31.322,31.182,31.062,30.964,30.885,30.827,30.79,30.773,30.776,30.799,30.843,30.906,30.991,31.096,31.221,31.368,31.535,31.723,31.932,32.163,32.416,32.69,32.987,33.305,33.647,34.011,34.398,34.807,35.22,35.634,36.051,36.47,36.891,37.314,37.739,38.165,38.594,39.024,39.456,39.89,40.325
saint lucia,19.199,19.417,19.637,19.858,20.081,20.306,20.533,20.762,20.992,21.225,21.46,21.696,21.934,22.174,22.416,22.66,22.905,23.153,23.403,23.654,23.907,24.162,24.419,24.677,24.938,25.2,25.465,25.73,25.998,26.268,26.54,26.812,27.087,27.364,27.643,27.923,28.205,28.488,28.774,29.061,29.349,29.572,29.369,29.167,28.965,28.765,28.565,28.366,28.168,27.971,27.774,27.473,26.329,25.216,24.133,23.085,22.068,21.084,20.131,19.213,18.45,18.45,18.45,18.461,18.482,18.515,18.558,18.612,18.678,18.754,18.841,18.94,19.05,19.172,19.306,19.451,19.609,19.779,19.961,20.156,20.364,20.586,20.821,21.069,21.332,21.609,21.9,22.207,22.528,22.853,23.181,23.513,23.847,24.185,24.527,24.871,25.219,25.57,25.924,26.281,26.642
saint vincent and the grenadines,21.705,22.105,22.512,22.922,23.338,23.759,24.186,24.617,25.054,25.495,25.943,26.394,26.851,27.314,27.781,28.252,28.729,29.21,29.697,30.187,30.683,31.182,31.687,32.195,32.708,33.225,33.747,34.271,34.8,35.333,35.87,36.409,36.953,37.5,38.05,38.602,39.158,39.717,40.28,40.843,41.409,41.949,42.306,42.663,43.021,43.38,43.741,44.1,44.461,44.823,45.186,45.548,45.914,46.283,46.656,47.032,47.412,47.794,48.18,48.569,48.961,49.356,49.754,50.154,50.558,50.964,51.373,51.784,52.198,52.614,53.032,53.452,53.875,54.299,54.725,55.152,55.58,56.01,56.439,56.867,57.293,57.719,58.144,58.567,58.989,59.41,59.83,60.248,60.664,61.079,61.493,61.904,62.314,62.723,63.129,63.534,63.936,64.337,64.736,65.133,65.527
sint maarten (dutch part),100,100,100,100,100,100,100,100,100,100,100,100,100,100,100,100,100,100,100,100,100,100,100,100,100,100,100,100,100,100,100,100,100,100,100,100,100,100,100,100,100,100,100,100,100,100,100,100,100,100,100,100,100,100,100,100,100,100,100,100,100,100,100,100,100,100,100,100,100,100,100,100,100,100,100,100,100,100,100,100,100,100,100,100,100,100,100,100,100,100,100,100,100,100,100,100,100,100,100,100,100
trinidad and tobago,26.26,26.995,27.743,28.502,29.275,30.059,30.857,31.664,32.483,33.313,34.155,35.004,35.864,36.734,37.613,38.498,39.392,40.294,41.203,42.115,43.035,43.959,44.888,45.819,46.754,47.691,48.631,49.57,50.51,51.449,52.284,52.468,52.653,52.837,53.021,53.205,53.389,53.573,53.757,53.941,54.124,54.308,54.491,54.674,54.857,55.04,55.224,55.406,55.589,55.771,55.905,55.718,55.53,55.343,55.155,54.967,54.779,54.59,54.402,54.213,54.025,53.836,53.671,53.53,53.413,53.319,53.25,53.205,53.184,53.187,53.214,53.265,53.34,53.439,53.562,53.709,53.88,54.074,54.293,54.535,54.8,55.089,55.402,55.737,56.096,56.477,56.881,57.306,57.731,58.154,58.577,58.998,59.417,59.836,60.253,60.668,61.082,61.494,61.905,62.314,62.721
turks and caicos islands,47.2,47.241,47.282,47.323,47.364,47.405,47.446,47.487,47.528,47.569,47.679,48.021,48.364,48.706,49.049,49.392,49.734,50.077,50.42,50.763,51.106,51.487,51.882,52.275,52.669,53.063,53.456,53.848,54.24,54.632,55.259,57.358,59.435,61.478,63.484,65.439,67.345,69.197,70.99,72.716,74.343,75.537,76.694,77.81,78.888,79.928,80.93,81.89,82.814,83.7,84.55,85.362,86.007,86.608,87.188,87.745,88.281,88.797,89.294,89.77,90.228,90.668,91.09,91.483,91.851,92.195,92.517,92.817,93.098,93.36,93.605,93.834,94.047,94.247,94.433,94.606,94.768,94.919,95.06,95.19,95.311,95.424,95.528,95.625,95.714,95.795,95.87,95.939,96.001,96.062,96.122,96.182,96.241,96.298,96.355,96.411,96.466,96.521,96.574,96.627,96.679
us virgin islands,58.344,58.118,57.892,57.666,57.439,57.212,56.985,56.757,56.529,56.301,56.477,57.864,59.241,60.604,61.952,63.279,64.587,65.874,67.14,68.378,69.592,70.779,71.941,73.07,74.172,75.245,76.288,77.298,78.278,79.228,80.147,81.034,81.891,82.717,83.514,84.28,85.017,85.726,86.407,87.059,87.685,88.285,88.86,89.409,89.934,90.437,90.917,91.374,91.811,92.228,92.586,92.814,93.036,93.251,93.461,93.664,93.861,94.053,94.239,94.419,94.594,94.761,94.919,95.07,95.213,95.35,95.48,95.603,95.721,95.832,95.939,96.04,96.136,96.227,96.314,96.397,96.476,96.55,96.621,96.689,96.752,96.813,96.87,96.925,96.976,97.025,97.071,97.116,97.161,97.205,97.248,97.291,97.333,97.374,97.415,97.455,97.494,97.533,97.571,97.609,97.646
belize,55.288,55.166,55.045,54.924,54.802,54.681,54.559,54.437,54.315,54.194,54.028,53.72,53.41,53.101,52.79,52.481,52.17,51.86,51.549,51.238,50.963,50.805,50.646,50.488,50.329,50.171,50.012,49.854,49.695,49.537,49.374,49.183,48.992,48.801,48.61,48.419,48.228,48.037,47.846,47.655,47.465,47.271,47.059,46.848,46.637,46.425,46.214,46.003,45.793,45.582,45.398,45.381,45.364,45.347,45.33,45.313,45.296,45.279,45.262,45.245,45.228,45.228,45.246,45.282,45.335,45.406,45.495,45.601,45.724,45.866,46.025,46.201,46.396,46.608,46.838,47.085,47.35,47.633,47.934,48.252,48.588,48.941,49.312,49.701,50.107,50.529,50.968,51.408,51.847,52.286,52.725,53.163,53.601,54.038,54.475,54.911,55.346,55.78,56.213,56.646,57.077
costa rica,33.508,33.582,33.657,33.731,33.805,33.88,33.955,34.029,34.104,34.179,34.254,34.329,34.404,34.606,35.197,35.791,36.39,36.993,37.601,38.212,38.827,39.445,40.068,40.655,41.002,41.349,41.698,42.046,42.396,42.747,43.099,43.45,43.803,44.156,44.542,45.445,46.353,47.264,48.177,49.089,50.003,50.917,51.832,52.743,53.653,54.561,55.467,56.367,57.264,58.157,59.052,60.41,61.753,63.08,64.388,65.672,66.935,68.174,69.39,70.575,71.736,72.868,73.946,74.97,75.941,76.862,77.735,78.56,79.34,80.076,80.771,81.425,82.042,82.622,83.167,83.679,84.159,84.608,85.029,85.422,85.788,86.129,86.446,86.739,87.01,87.259,87.487,87.695,87.9,88.103,88.302,88.498,88.692,88.882,89.07,89.255,89.437,89.617,89.794,89.968,90.14
el salvador,36.509,36.692,36.875,37.059,37.243,37.427,37.612,37.797,37.982,38.168,38.354,38.527,38.628,38.729,38.83,38.931,39.033,39.134,39.236,39.337,39.439,39.544,40.043,40.543,41.046,41.551,42.058,42.565,43.075,43.586,44.099,44.612,45.127,45.642,46.16,46.677,47.195,47.714,48.234,48.754,49.274,49.794,50.315,51.417,52.704,53.988,55.268,56.537,57.8,58.357,58.912,59.464,60.014,60.561,61.107,61.648,62.187,62.774,63.678,64.57,65.452,66.325,67.187,68.036,68.874,69.7,70.501,71.275,72.023,72.746,73.444,74.118,74.767,75.393,75.996,76.576,77.134,77.67,78.185,78.679,79.153,79.607,80.042,80.458,80.855,81.235,81.598,81.943,82.272,82.584,82.88,83.159,83.436,83.708,83.978,84.243,84.505,84.763,85.018,85.27,85.517
guatemala,25.064,25.633,26.211,26.796,27.39,27.992,28.603,29.22,29.846,30.479,31.121,31.768,32.424,33.086,33.682,33.989,34.298,34.608,34.919,35.232,35.545,35.861,36.177,36.494,36.809,37.125,37.443,37.762,38.081,38.402,38.724,39.047,39.37,39.695,40.021,40.347,40.674,41.002,41.332,41.661,41.992,42.323,42.655,42.987,43.32,43.654,43.989,44.323,44.659,44.995,45.332,45.668,46.005,46.318,46.616,46.913,47.21,47.508,47.807,48.104,48.403,48.701,49,49.311,49.634,49.971,50.319,50.68,51.054,51.439,51.836,52.245,52.666,53.098,53.542,53.996,54.461,54.937,55.423,55.918,56.423,56.937,57.46,57.991,58.529,59.073,59.624,60.179,60.736,61.293,61.846,62.397,62.944,63.488,64.029,64.566,65.099,65.629,66.155,66.677,67.195
honduras,17.578,18.05,18.533,19.024,19.526,20.038,20.56,21.091,21.633,22.185,22.747,23.318,23.9,24.491,25.094,25.704,26.325,26.955,27.596,28.244,28.902,29.569,30.246,30.93,31.571,32.11,32.653,33.2,33.752,34.309,34.87,35.435,36.004,36.577,37.155,37.735,38.319,38.907,39.481,39.969,40.46,40.953,41.448,41.943,42.441,42.941,43.442,43.944,44.447,44.952,45.458,45.964,46.61,47.267,47.927,48.585,49.245,49.905,50.566,51.225,51.885,52.543,53.202,53.858,54.514,55.165,55.813,56.457,57.096,57.73,58.359,58.982,59.6,60.212,60.818,61.417,62.01,62.595,63.174,63.744,64.307,64.863,65.41,65.948,66.478,66.998,67.51,68.011,68.503,68.983,69.451,69.916,70.378,70.835,71.288,71.737,72.181,72.622,73.058,73.489,73.916
mexico,42.655,43.454,44.257,45.062,45.87,46.68,47.494,48.306,49.12,49.935,50.753,51.59,52.428,53.265,54.1,54.931,55.761,56.587,57.411,58.229,59.021,59.779,60.532,61.279,62.022,62.759,63.491,64.215,64.934,65.646,66.339,66.87,67.396,67.919,68.437,68.95,69.459,69.963,70.462,70.956,71.419,71.816,72.209,72.598,72.985,73.368,73.67,73.929,74.186,74.441,74.722,75.045,75.365,75.682,75.997,76.308,76.616,76.92,77.222,77.52,77.815,78.111,78.405,78.699,78.993,79.285,79.577,79.867,80.156,80.444,80.731,81.016,81.3,81.582,81.862,82.14,82.417,82.691,82.964,83.234,83.501,83.766,84.029,84.289,84.546,84.799,85.049,85.297,85.54,85.781,86.018,86.251,86.482,86.709,86.933,87.153,87.371,87.585,87.796,88.004,88.209
nicaragua,35.196,35.625,36.057,36.489,36.925,37.363,37.803,38.244,38.688,39.133,39.581,40.03,40.481,41.005,41.855,42.707,43.565,44.427,45.293,46.16,47.03,47.785,48.063,48.341,48.62,48.898,49.177,49.456,49.734,50.013,50.292,50.57,50.849,51.127,51.406,51.684,51.963,52.241,52.519,52.797,53.075,53.352,53.63,53.907,54.183,54.437,54.587,54.737,54.886,55.036,55.185,55.335,55.484,55.633,55.782,55.935,56.132,56.328,56.525,56.721,56.917,57.113,57.309,57.505,57.7,57.895,58.09,58.299,58.522,58.76,59.012,59.277,59.556,59.849,60.155,60.475,60.807,61.153,61.511,61.881,62.263,62.657,63.062,63.478,63.904,64.341,64.787,65.243,65.707,66.179,66.658,67.143,67.631,68.118,68.601,69.079,69.554,70.024,70.491,70.953,71.411
panama,35.763,36.298,36.837,37.377,37.922,38.469,39.021,39.573,40.129,40.688,41.249,41.853,42.494,43.137,43.784,44.431,45.08,45.732,46.385,47.038,47.64,47.919,48.199,48.479,48.759,49.038,49.319,49.598,49.879,50.159,50.447,50.786,51.126,51.465,51.805,52.143,52.482,52.82,53.159,53.497,53.903,54.757,55.609,56.456,57.301,58.141,58.978,59.807,60.632,61.451,62.198,62.497,62.794,63.091,63.387,63.682,63.976,64.268,64.56,64.851,65.14,65.437,65.741,66.052,66.371,66.696,67.027,67.365,67.709,68.059,68.414,68.775,69.141,69.512,69.888,70.268,70.652,71.04,71.432,71.826,72.223,72.623,73.024,73.427,73.831,74.234,74.637,75.036,75.432,75.823,76.209,76.592,76.97,77.344,77.713,78.079,78.44,78.796,79.149,79.496,79.84
bolivia,33.848,34.135,34.423,34.711,35.001,35.291,35.584,35.876,36.171,36.466,36.762,37.059,37.357,37.656,37.957,38.257,38.559,38.862,39.166,39.47,39.776,40.082,40.389,40.696,41.004,41.314,41.624,42.446,43.442,44.443,45.451,46.459,47.472,48.486,49.504,50.519,51.535,52.549,53.563,54.571,55.577,56.579,57.541,58.079,58.615,59.15,59.682,60.212,60.739,61.264,61.787,62.306,62.783,63.248,63.711,64.17,64.628,65.082,65.535,65.984,66.43,66.874,67.315,67.699,68.047,68.393,68.738,69.08,69.425,69.773,70.123,70.475,70.83,71.186,71.545,71.905,72.266,72.628,72.992,73.356,73.721,74.087,74.452,74.818,75.183,75.548,75.912,76.276,76.638,76.998,77.357,77.714,78.068,78.418,78.764,79.107,79.446,79.781,80.111,80.438,80.76
brazil,36.16,37.12,38.092,39.071,40.06,41.057,42.063,43.072,44.089,45.111,46.139,47.122,48.099,49.078,50.059,51.037,52.016,52.993,53.97,54.94,55.909,56.894,57.879,58.855,59.826,60.789,61.745,62.689,63.625,64.551,65.468,66.37,67.262,68.142,69.01,69.862,70.703,71.529,72.342,73.139,73.922,74.69,75.444,76.181,76.903,77.61,78.302,79.048,79.781,80.496,81.192,81.553,81.88,82.203,82.521,82.834,83.143,83.448,83.749,84.044,84.335,84.631,84.923,85.209,85.492,85.77,86.042,86.309,86.569,86.824,87.073,87.317,87.555,87.788,88.016,88.238,88.456,88.669,88.876,89.079,89.278,89.471,89.66,89.845,90.025,90.201,90.372,90.54,90.703,90.862,91.017,91.168,91.316,91.462,91.607,91.748,91.888,92.026,92.161,92.294,92.426
colombia,32.601,33.881,35.186,36.51,37.857,39.223,40.608,42.004,43.415,44.836,46.268,47.702,49.143,50.584,52.027,52.82,53.587,54.352,55.117,55.877,56.635,57.39,58.143,58.89,59.607,60.306,61.003,61.693,62.379,63.061,63.738,64.408,65.073,65.733,66.387,67.034,67.566,68.051,68.532,69.008,69.481,69.949,70.415,70.874,71.328,71.777,72.223,72.662,73.098,73.53,73.957,74.379,74.797,75.211,75.62,76.024,76.423,76.816,77.204,77.587,77.964,78.335,78.701,79.061,79.415,79.764,80.108,80.446,80.778,81.104,81.425,81.74,82.05,82.354,82.652,82.945,83.232,83.514,83.789,84.059,84.323,84.58,84.835,85.086,85.333,85.577,85.818,86.055,86.289,86.52,86.748,86.972,87.193,87.41,87.625,87.836,88.045,88.25,88.452,88.651,88.847
ecuador,28.28,28.814,29.355,29.9,30.451,31.009,31.572,32.14,32.714,33.293,33.878,34.466,35.06,35.606,36.122,36.64,37.162,37.686,38.215,38.744,39.278,39.813,40.352,40.892,41.457,42.363,43.276,44.191,45.111,46.034,46.961,47.888,48.818,49.658,50.438,51.215,51.993,52.769,53.546,54.318,55.09,55.709,56.226,56.74,57.254,57.766,58.277,58.785,59.291,59.796,60.299,60.799,61.118,61.316,61.514,61.711,61.907,62.104,62.3,62.495,62.69,62.851,62.988,63.125,63.261,63.398,63.534,63.67,63.821,63.986,64.166,64.361,64.57,64.792,65.029,65.28,65.544,65.822,66.113,66.416,66.732,67.06,67.401,67.753,68.116,68.49,68.874,69.268,69.672,70.084,70.505,70.933,71.367,71.807,72.243,72.675,73.103,73.527,73.946,74.362,74.772
falkland islands,51.053,50.997,50.941,50.885,50.83,50.774,50.718,50.663,50.607,50.551,50.495,50.44,50.527,50.967,51.408,51.847,52.287,52.726,53.165,53.603,54.041,54.478,54.915,55.375,55.853,56.33,56.807,57.28,57.754,58.225,58.696,59.545,60.68,61.803,62.916,64.012,65.094,67.083,69.552,71.907,74.15,75.614,73.385,71.037,68.567,65.987,63.983,64.904,65.816,66.716,67.606,68.422,69.033,69.638,70.238,70.828,71.413,71.987,72.555,73.114,73.666,74.211,74.749,75.27,75.777,76.268,76.744,77.206,77.654,78.088,78.508,78.914,79.308,79.689,80.058,80.414,80.758,81.091,81.413,81.723,82.023,82.312,82.591,82.86,83.119,83.369,83.609,83.84,84.062,84.282,84.499,84.713,84.926,85.135,85.343,85.548,85.75,85.951,86.148,86.344,86.537
french guiana,53.656,54.648,55.638,56.621,57.6,58.573,59.541,60.499,61.45,62.392,63.327,64.249,64.744,65.079,65.413,65.745,66.075,66.404,66.745,67.09,67.433,67.775,68.114,68.451,68.787,69.121,69.453,69.782,70.11,70.435,70.759,71.08,71.429,71.84,72.248,72.651,73.051,73.447,73.84,74.229,74.641,75.115,75.584,76.046,76.502,76.952,77.396,77.833,78.265,78.691,79.111,79.524,79.931,80.332,80.728,81.116,81.499,81.871,82.232,82.583,82.924,83.255,83.575,83.887,84.189,84.482,84.766,85.042,85.31,85.569,85.82,86.063,86.299,86.528,86.749,86.964,87.171,87.372,87.567,87.755,87.937,88.113,88.283,88.451,88.617,88.781,88.942,89.102,89.26,89.415,89.569,89.721,89.87,90.018,90.164,90.308,90.45,90.59,90.729,90.865,91
guyana,28.023,28.122,28.222,28.321,28.421,28.521,28.621,28.721,28.822,28.922,29.009,29.049,29.089,29.129,29.169,29.209,29.249,29.289,29.329,29.369,29.425,29.533,29.641,29.75,29.858,29.967,30.076,30.186,30.295,30.405,30.488,30.396,30.305,30.215,30.124,30.033,29.943,29.853,29.763,29.673,29.583,29.493,29.404,29.315,29.226,29.137,29.048,28.959,28.871,28.782,28.694,28.606,28.518,28.307,28.064,27.822,27.582,27.343,27.105,26.869,26.634,26.4,26.4,26.4,26.414,26.441,26.482,26.538,26.606,26.689,26.786,26.897,27.022,27.162,27.316,27.484,27.668,27.866,28.079,28.308,28.552,28.811,29.087,29.378,29.686,30.01,30.351,30.709,31.084,31.475,31.87,32.267,32.667,33.069,33.474,33.881,34.291,34.703,35.117,35.534,35.952
paraguay,34.568,34.667,34.767,34.867,34.967,35.067,35.167,35.267,35.368,35.468,35.569,35.67,35.771,35.916,36.079,36.243,36.407,36.571,36.735,36.9,37.065,37.23,37.396,37.916,38.447,38.981,39.518,40.056,40.598,41.141,41.688,42.235,42.785,43.512,44.247,44.983,45.722,46.463,47.207,47.949,48.694,49.439,50.186,50.844,51.488,52.131,52.774,53.414,54.054,54.693,55.331,55.966,56.6,56.977,57.305,57.633,57.96,58.286,58.612,58.937,59.261,59.584,59.907,60.197,60.474,60.75,61.026,61.3,61.585,61.879,62.183,62.496,62.818,63.149,63.489,63.838,64.195,64.56,64.933,65.314,65.702,66.097,66.498,66.906,67.321,67.741,68.166,68.596,69.03,69.469,69.91,70.355,70.801,71.247,71.69,72.129,72.565,72.995,73.422,73.844,74.262
peru,41,41.573,42.149,42.725,43.304,43.884,44.467,45.051,45.636,46.222,46.811,47.398,48.514,49.632,50.752,51.868,52.983,54.096,55.207,56.309,57.406,58.496,59.547,60.188,60.827,61.461,62.093,62.719,63.341,63.96,64.574,65.182,65.61,66.031,66.449,66.864,67.277,67.687,68.095,68.499,68.901,69.3,69.697,70.089,70.521,70.951,71.377,71.798,72.216,72.631,73.042,73.448,73.85,74.249,74.644,75.034,75.421,75.803,76.052,76.241,76.43,76.617,76.804,76.989,77.173,77.357,77.539,77.72,77.907,78.099,78.297,78.5,78.708,78.922,79.139,79.362,79.589,79.82,80.055,80.294,80.537,80.783,81.032,81.284,81.539,81.797,82.057,82.319,82.583,82.848,83.114,83.382,83.65,83.918,84.182,84.443,84.701,84.955,85.206,85.453,85.697
suriname,46.888,46.925,46.962,46.999,47.037,47.074,47.111,47.148,47.186,47.223,47.26,47.297,47.335,47.372,47.341,47.109,46.877,46.644,46.412,46.18,45.948,45.716,46.76,49.087,51.421,53.749,56.064,58.346,60.597,62.803,64.96,65.035,65.11,65.184,65.259,65.334,65.408,65.483,65.557,65.632,65.706,65.78,65.854,65.928,66.002,66.076,66.15,66.223,66.297,66.371,66.444,66.517,66.591,66.664,66.737,66.682,66.615,66.547,66.479,66.412,66.344,66.276,66.208,66.14,66.089,66.056,66.04,66.041,66.06,66.095,66.149,66.219,66.307,66.411,66.533,66.672,66.827,67,67.188,67.394,67.615,67.852,68.105,68.374,68.658,68.957,69.27,69.598,69.939,70.294,70.647,70.997,71.345,71.69,72.033,72.373,72.71,73.045,73.377,73.707,74.034
venezuela,47.313,48.762,50.215,51.665,53.113,54.556,55.993,57.417,58.83,60.229,61.613,62.875,63.933,64.977,66.009,67.022,68.022,69.005,69.973,70.92,71.852,72.764,73.575,74.325,75.063,75.786,76.496,77.189,77.868,78.533,79.185,79.82,80.382,80.907,81.422,81.925,82.418,82.9,83.372,83.833,84.284,84.664,85.012,85.352,85.686,86.014,86.336,86.65,86.959,87.262,87.559,87.85,87.876,87.902,87.928,87.954,87.98,88.006,88.031,88.057,88.083,88.108,88.123,88.133,88.144,88.154,88.165,88.183,88.208,88.24,88.279,88.325,88.378,88.438,88.505,88.578,88.658,88.744,88.837,88.936,89.04,89.15,89.266,89.388,89.514,89.645,89.781,89.922,90.067,90.215,90.368,90.524,90.682,90.839,90.993,91.145,91.295,91.442,91.587,91.73,91.87
usa,64.153,64.765,65.373,65.975,66.572,67.163,67.751,68.331,68.906,69.475,69.996,70.377,70.757,71.134,71.508,71.879,72.247,72.612,72.974,73.333,73.602,73.613,73.623,73.633,73.643,73.653,73.663,73.673,73.682,73.692,73.738,73.89,74.042,74.194,74.344,74.494,74.644,74.793,74.942,75.089,75.3,75.701,76.097,76.488,76.875,77.257,77.636,78.008,78.377,78.742,79.057,79.234,79.409,79.583,79.757,79.928,80.099,80.269,80.438,80.606,80.772,80.944,81.119,81.299,81.483,81.671,81.862,82.058,82.256,82.459,82.664,82.873,83.084,83.298,83.515,83.734,83.955,84.178,84.403,84.63,84.858,85.087,85.317,85.548,85.779,86.011,86.242,86.47,86.695,86.917,87.136,87.352,87.564,87.774,87.98,88.184,88.384,88.582,88.776,88.968,89.156
fiji,24.352,24.855,25.365,25.88,26.403,26.933,27.47,28.012,28.562,29.118,29.681,30.248,30.823,31.403,31.991,32.582,33.18,33.604,33.987,34.371,34.758,35.147,35.538,35.93,36.324,36.721,37.119,37.319,37.469,37.619,37.769,37.919,38.07,38.221,38.372,38.523,38.675,39.327,40.085,40.845,41.611,42.381,43.156,43.933,44.713,45.496,46.282,46.732,47.123,47.515,47.908,48.3,48.692,49.085,49.479,49.871,50.264,50.657,51.146,51.658,52.171,52.683,53.196,53.706,54.216,54.726,55.235,55.742,56.248,56.75,57.247,57.74,58.229,58.713,59.192,59.666,60.136,60.601,61.06,61.515,61.965,62.409,62.849,63.283,63.712,64.135,64.554,64.966,65.374,65.776,66.172,66.563,66.948,67.327,67.701,68.072,68.441,68.808,69.172,69.534,69.894
new caledonia,24.589,25.725,26.897,28.099,29.335,30.602,31.901,33.225,34.578,35.956,37.36,38.781,40.224,41.684,43.161,44.646,46.142,47.646,49.156,50.442,51.232,52.022,52.811,53.597,54.382,55.165,55.873,56.262,56.651,57.039,57.426,57.812,58.197,58.532,58.683,58.834,58.985,59.135,59.286,59.434,59.577,59.719,59.862,60.004,60.146,60.288,60.475,60.838,61.199,61.559,61.919,62.276,62.632,62.987,63.341,63.965,64.638,65.306,65.969,66.624,67.102,67.565,68.024,68.479,68.931,69.379,69.821,70.256,70.683,71.104,71.518,71.925,72.325,72.719,73.106,73.486,73.86,74.227,74.587,74.941,75.289,75.631,75.966,76.294,76.617,76.934,77.244,77.548,77.847,78.139,78.426,78.706,78.984,79.259,79.532,79.802,80.069,80.334,80.596,80.855,81.111
papua new guinea,1.7,1.84,1.991,2.154,2.331,2.521,2.727,2.949,3.188,3.446,3.725,4.024,4.347,4.694,5.069,5.47,5.902,6.712,7.625,8.649,9.796,11.078,11.3,11.507,11.717,11.93,12.147,12.366,12.59,12.817,13.047,13.242,13.428,13.616,13.806,13.998,14.193,14.39,14.589,14.791,14.994,14.816,14.629,14.445,14.262,14.081,13.901,13.724,13.549,13.375,13.204,13.182,13.164,13.146,13.127,13.109,13.091,13.073,13.055,13.037,13.019,13,12.982,12.978,12.988,13.012,13.05,13.102,13.169,13.25,13.345,13.456,13.582,13.723,13.88,14.054,14.245,14.452,14.678,14.922,15.185,15.467,15.77,16.093,16.439,16.806,17.197,17.61,18.048,18.495,18.95,19.414,19.886,20.367,20.856,21.355,21.861,22.377,22.901,23.433,23.974
solomon islands,3.8,3.962,4.131,4.306,4.489,4.679,4.877,5.082,5.296,5.518,5.768,6.038,6.321,6.616,6.924,7.245,7.579,7.928,8.292,8.67,8.917,8.958,8.999,9.041,9.083,9.125,9.271,9.583,9.904,10.235,10.576,10.927,11.288,11.659,12.041,12.433,12.837,13.111,13.298,13.486,13.677,13.87,14.065,14.262,14.462,14.664,14.869,15.076,15.285,15.496,15.813,16.201,16.597,17.001,17.413,17.832,18.259,18.694,19.138,19.589,20.048,20.508,20.97,21.433,21.896,22.36,22.823,23.286,23.749,24.21,24.67,25.128,25.584,26.037,26.488,26.935,27.38,27.82,28.257,28.689,29.116,29.538,29.956,30.367,30.772,31.171,31.564,31.959,32.356,32.757,33.16,33.565,33.973,34.383,34.795,35.21,35.627,36.046,36.467,36.891,37.316
vanuatu,8.752,8.906,9.063,9.221,9.382,9.546,9.713,9.881,10.053,10.227,10.404,10.583,10.765,10.95,11.138,11.329,11.522,11.718,11.918,12.12,12.325,12.533,12.744,12.958,13.175,13.395,13.619,13.845,14.074,14.368,14.74,15.12,15.508,15.905,16.31,16.722,17.143,17.573,18.011,18.435,18.715,18.998,19.285,19.574,19.868,20.164,20.464,20.766,21.073,21.382,21.673,21.953,22.235,22.521,22.809,23.099,23.392,23.687,23.985,24.286,24.462,24.561,24.661,24.761,24.861,24.961,25.062,25.163,25.274,25.394,25.525,25.665,25.816,25.976,26.147,26.329,26.521,26.724,26.937,27.162,27.397,27.644,27.902,28.172,28.453,28.746,29.051,29.368,29.698,30.039,30.394,30.76,31.14,31.532,31.927,32.324,32.724,33.127,33.532,33.94,34.35
guam,41.3,42.164,43.035,43.907,44.784,45.665,46.549,47.433,48.32,49.208,50.147,51.23,52.314,53.396,54.475,55.548,56.617,57.68,58.738,59.784,61.92,67.153,71.999,76.371,80.252,83.632,86.534,88.983,91.036,92.737,93.753,93.491,93.219,92.937,92.643,92.339,92.023,91.695,91.354,91.002,90.796,91.061,91.32,91.571,91.816,92.055,92.287,92.513,92.733,92.946,93.129,93.233,93.334,93.435,93.534,93.631,93.727,93.822,93.916,94.008,94.099,94.188,94.277,94.364,94.449,94.534,94.617,94.699,94.78,94.859,94.938,95.015,95.091,95.166,95.24,95.313,95.384,95.455,95.524,95.593,95.66,95.727,95.792,95.857,95.92,95.983,96.044,96.105,96.164,96.223,96.281,96.338,96.395,96.45,96.505,96.559,96.612,96.664,96.715,96.766,96.816
kiribati,11,11.452,11.921,12.406,12.907,13.426,13.963,14.517,15.089,15.68,16.29,16.918,17.566,18.233,18.92,19.625,20.351,21.097,21.863,22.871,24.088,25.348,26.654,27.997,28.96,29.606,30.262,30.925,31.596,32.036,32.284,32.532,32.782,33.032,33.284,33.541,33.828,34.116,34.405,34.695,34.987,35.272,35.555,35.839,36.123,36.409,37.386,38.752,40.138,41.54,42.958,43.473,43.492,43.512,43.532,43.551,44.03,44.866,45.706,46.547,47.39,48.235,49.082,49.927,50.773,51.619,52.45,53.262,54.057,54.835,55.594,56.335,57.058,57.762,58.448,59.115,59.763,60.393,61.004,61.596,62.169,62.724,63.261,63.779,64.279,64.761,65.226,65.672,66.101,66.512,66.905,67.281,67.656,68.027,68.397,68.764,69.129,69.492,69.852,70.21,70.565
marshall islands,23.337,24.42,25.538,26.686,27.867,29.081,30.327,31.598,32.9,34.229,35.584,36.959,38.358,39.776,41.214,42.663,44.126,45.6,48.229,50.861,53.492,56.103,58.685,61.212,61.093,60.632,60.168,59.704,59.237,58.769,58.298,58.826,59.614,60.396,61.175,61.945,62.711,63.47,64.224,64.714,65.054,65.392,65.728,66.063,66.396,66.727,67.058,67.385,67.712,68.053,68.58,69.101,69.618,70.13,70.637,71.138,71.635,72.126,72.613,73.093,73.568,74.038,74.498,74.946,75.384,75.811,76.228,76.634,77.031,77.417,77.794,78.162,78.52,78.868,79.208,79.539,79.861,80.175,80.48,80.776,81.065,81.346,81.619,81.884,82.142,82.392,82.635,82.871,83.104,83.335,83.563,83.789,84.012,84.232,84.451,84.666,84.88,85.09,85.299,85.505,85.708
federated states of micronesia,20,20.223,20.448,20.674,20.903,21.133,21.365,21.599,21.835,22.072,22.312,22.553,22.797,23.042,23.289,23.537,23.788,24.04,24.295,24.551,24.808,25.068,25.33,25.593,25.741,25.858,25.975,26.092,26.209,26.327,26.445,26.417,26.35,26.283,26.216,26.149,26.083,26.016,25.95,25.884,25.818,25.752,25.686,25.62,25.554,25.068,24.473,23.889,23.314,22.749,22.33,22.33,22.33,22.33,22.33,22.33,22.324,22.317,22.311,22.305,22.298,22.305,22.324,22.355,22.399,22.456,22.526,22.608,22.703,22.812,22.933,23.068,23.217,23.379,23.555,23.744,23.948,24.167,24.4,24.648,24.911,25.19,25.484,25.794,26.12,26.463,26.822,27.184,27.55,27.918,28.29,28.664,29.041,29.422,29.805,30.191,30.58,30.971,31.366,31.763,32.163
nauru,100,100,100,100,100,100,100,100,100,100,100,100,100,100,100,100,100,100,100,100,100,100,100,100,100,100,100,100,100,100,100,100,100,100,100,100,100,100,100,100,100,100,100,100,100,100,100,100,100,100,100,100,100,100,100,100,100,100,100,100,100,100,100,100,100,100,100,100,100,100,100,100,100,100,100,100,100,100,100,100,100,100,100,100,100,100,100,100,100,100,100,100,100,100,100,100,100,100,100,100,100
northern mariana islands,42.002,42.763,43.528,44.293,45.063,45.835,46.61,47.385,48.164,49.69,51.219,52.741,54.26,55.771,57.274,58.759,60.231,61.688,64.592,67.384,70.062,72.609,75.021,77.28,79.016,80.554,82.007,83.37,84.651,85.85,86.784,87.117,87.444,87.763,88.076,88.381,88.679,88.971,89.257,89.535,89.731,89.697,89.662,89.627,89.592,89.557,89.655,89.784,89.912,90.038,90.152,90.235,90.316,90.398,90.478,90.558,90.638,90.716,90.795,90.872,90.949,91.028,91.108,91.19,91.273,91.357,91.443,91.53,91.618,91.708,91.798,91.89,91.983,92.076,92.171,92.266,92.363,92.46,92.557,92.655,92.754,92.854,92.953,93.053,93.154,93.255,93.356,93.455,93.553,93.65,93.746,93.84,93.933,94.024,94.114,94.203,94.291,94.377,94.462,94.546,94.629
palau,53.883,54.178,54.474,54.768,55.063,55.357,55.652,55.945,56.238,56.53,56.823,57.114,57.405,57.696,57.987,58.276,58.565,58.853,59.142,59.429,59.715,60.001,60.287,60.571,60.855,61.138,61.421,61.702,61.983,62.263,62.542,63.409,64.422,65.421,66.409,67.38,68.188,68.541,68.892,69.24,69.593,69.966,70.337,70.704,71.069,71.431,71.306,71.066,70.825,70.582,70.338,70.093,69.847,69.6,70.383,71.152,71.91,72.655,73.389,74.109,74.817,75.511,76.194,76.862,77.517,78.159,78.775,79.365,79.93,80.47,80.988,81.483,81.956,82.408,82.839,83.252,83.645,84.02,84.378,84.718,85.043,85.351,85.645,85.923,86.188,86.439,86.677,86.902,87.114,87.315,87.504,87.682,87.857,88.031,88.202,88.371,88.538,88.703,88.866,89.027,89.186
american samoa,61.769,62.223,62.676,63.126,63.574,64.02,64.464,64.904,65.342,65.778,66.211,66.641,67.068,67.493,67.916,68.334,68.75,69.163,69.574,69.98,70.384,70.784,71.182,71.576,71.967,72.354,72.739,73.12,73.497,73.871,74.33,75.043,75.743,76.429,77.103,77.762,78.408,79.04,79.659,80.263,80.948,81.886,82.789,83.654,84.485,85.28,86.043,86.771,87.467,88.131,88.587,88.491,88.394,88.297,88.198,88.1,88,87.9,87.799,87.697,87.594,87.502,87.42,87.348,87.288,87.238,87.198,87.17,87.153,87.147,87.153,87.169,87.196,87.235,87.284,87.344,87.415,87.497,87.588,87.69,87.802,87.923,88.054,88.194,88.343,88.5,88.665,88.828,88.989,89.148,89.305,89.46,89.613,89.764,89.913,90.06,90.205,90.348,90.49,90.629,90.767
cook islands,38.028,38.849,39.677,40.509,41.347,42.191,43.04,43.891,44.747,45.606,46.469,47.331,48.196,49.063,49.931,50.796,51.663,52.13,52.516,52.9,53.285,53.669,53.859,53.909,53.959,54.009,54.059,54.037,53.963,53.889,53.815,53.741,53.953,54.37,54.787,55.202,55.617,56.105,56.644,57.18,57.715,58.248,58.504,58.562,58.62,58.678,58.736,59.83,61.65,63.437,65.191,66.9,68.176,69.142,70.094,71.026,71.941,72.473,72.736,72.996,73.255,73.513,73.748,73.968,74.186,74.404,74.62,74.835,75.052,75.272,75.495,75.72,75.948,76.177,76.409,76.643,76.879,77.117,77.357,77.599,77.842,78.087,78.333,78.581,78.83,79.08,79.331,79.583,79.836,80.089,80.344,80.599,80.854,81.109,81.362,81.612,81.859,82.104,82.347,82.586,82.824
french polynesia,33.3,34.157,35.025,35.901,36.788,37.684,38.59,39.501,40.42,41.347,42.281,43.217,44.16,45.389,46.783,48.178,49.578,50.979,52.38,53.773,55.162,56.203,56.718,57.231,57.742,58.252,58.76,59.171,59.115,59.059,59.003,58.948,58.892,58.836,58.743,58.635,58.527,58.419,58.31,58.094,57.852,57.61,57.367,57.124,56.881,56.637,56.393,56.285,56.205,56.126,56.047,55.967,55.888,56.242,56.831,57.417,58.002,58.585,59.166,59.742,60.317,60.889,61.459,61.583,61.633,61.683,61.734,61.784,61.834,61.897,61.975,62.066,62.17,62.288,62.42,62.564,62.723,62.894,63.078,63.276,63.487,63.71,63.946,64.195,64.456,64.729,65.014,65.311,65.62,65.941,66.272,66.615,66.968,67.331,67.705,68.076,68.445,68.812,69.176,69.538,69.898
niue,21.5,21.501,21.501,21.502,21.502,21.503,21.504,21.504,21.505,21.506,21.506,21.507,21.507,21.508,21.509,21.509,21.51,21.426,21.315,21.205,21.095,20.985,21.324,21.986,22.663,23.355,24.062,24.782,25.517,26.266,27.031,27.807,28.597,29.401,30.22,31.048,31.89,31.856,31.534,31.214,30.895,30.579,30.69,30.943,31.197,31.452,31.709,31.967,32.322,32.695,33.069,33.445,33.874,34.317,34.764,35.212,35.663,36.364,37.131,37.902,38.68,39.465,40.255,41.035,41.807,42.568,43.318,44.057,44.785,45.5,46.202,46.891,47.567,48.229,48.877,49.51,50.129,50.732,51.321,51.894,52.452,52.994,53.52,54.03,54.524,55.002,55.464,55.909,56.338,56.766,57.192,57.618,58.043,58.466,58.888,59.309,59.729,60.147,60.564,60.979,61.392
samoa,12.886,13.702,14.562,15.463,16.411,17.406,18.448,18.746,18.805,18.865,18.926,18.986,19.061,19.141,19.221,19.301,19.382,19.593,19.844,20.097,20.353,20.611,20.752,20.832,20.912,20.992,21.073,21.113,21.133,21.153,21.173,21.193,21.2,21.2,21.2,21.2,21.2,21.2,21.2,21.2,21.2,21.2,21.258,21.347,21.436,21.526,21.616,21.705,21.796,21.886,21.977,22.068,21.941,21.698,21.457,21.218,20.981,20.75,20.524,20.3,20.078,19.857,19.624,19.385,19.149,18.914,18.681,18.452,18.243,18.056,17.889,17.742,17.616,17.508,17.42,17.352,17.301,17.27,17.258,17.264,17.288,17.332,17.394,17.475,17.575,17.695,17.834,17.994,18.174,18.374,18.597,18.841,19.107,19.397,19.689,19.986,20.285,20.588,20.894,21.204,21.516
tonga,12.885,13.373,13.877,14.396,14.932,15.483,16.052,16.458,16.817,17.181,17.552,17.929,18.312,18.701,19.098,19.499,19.908,20.097,20.127,20.157,20.187,20.217,20.247,20.277,20.307,20.337,20.367,20.504,20.719,20.935,21.154,21.373,21.594,21.817,22.042,22.268,22.496,22.609,22.641,22.672,22.704,22.736,22.768,22.8,22.832,22.864,22.897,22.927,22.955,22.984,23.012,23.041,23.069,23.098,23.127,23.155,23.184,23.227,23.281,23.335,23.389,23.443,23.435,23.382,23.328,23.275,23.222,23.169,23.131,23.107,23.099,23.104,23.125,23.16,23.21,23.275,23.354,23.449,23.559,23.684,23.824,23.98,24.152,24.339,24.543,24.764,25.001,25.255,25.526,25.815,26.122,26.446,26.79,27.151,27.516,27.884,28.255,28.629,29.006,29.386,29.768
tuvalu,11.193,11.602,12.024,12.459,12.907,13.37,13.847,14.336,14.841,15.36,15.895,16.444,17.008,17.587,18.183,18.793,19.419,20.061,20.719,21.392,22.081,22.786,23.507,24.242,24.994,25.761,26.545,27.341,28.153,28.98,29.822,30.675,31.544,32.425,33.32,34.251,35.496,36.762,38.047,39.346,40.661,41.991,42.751,43.156,43.563,43.97,44.379,44.787,45.197,45.607,46.018,46.429,46.841,47.656,48.678,49.699,50.721,51.743,52.765,53.782,54.796,55.807,56.815,57.814,58.786,59.73,60.645,61.53,62.387,63.215,64.014,64.785,65.527,66.241,66.928,67.587,68.219,68.825,69.405,69.959,70.488,70.992,71.473,71.929,72.362,72.773,73.161,73.527,73.871,74.195,74.515,74.833,75.149,75.461,75.771,76.079,76.383,76.685,76.985,77.281,77.575
